Вобласьць	Раён	Код	OSM:NodeID	Тып	Па-расейску старое	Па-расейску правільнае	osm:name:ru force	Па-беларуску правільнае	lat	lon	comment
Брест	Барановичский	137129	2060086365	ст	Боровцы	Боровцы		Бараўцы	53.106945	25.938889	
Брест	Барановичский	134506	306069221	ст	Грицевец	Грицевец		Грыцавец	53.039722	25.863611	
Брест	Барановичский	137063	2789832812	оп	Детковичи	Детковичи		Дзеткавічы	53.120834	25.694723	
Брест	Барановичский	138422	306069237	ст	Домашевичи	Домашевичи		Дамашэвічы	53.192223	25.933056	
Брест	Барановичский	138456	2767104514	оп	Железница	Железница (Барановичск.)	Железница	Жалезніца	53.252777	25.843056	
Брест	Барановичский	138418	306069219	оп	Замошье	Замошье (Барановичск.)	Замошье	Замошша	53.21528	25.88889	
Брест	Барановичский	137059	306069169	оп	Ивная	Ивная		Іўная	53.105556	25.589167	
Брест	Барановичский	138441	2767104516	оп	Козлякевичи	Козлякевичи		Казлякевічы	53.166668	25.943333	
Брест	Барановичский	138511		оп	Крошино	Крошин		Крошын	53.185276	26.13	
Брест	Барановичский	134402	890100987	ст	Лесная	Лесная		Лясная	52.980556	25.769444	
Брест	Барановичский	138314	306069184	ст	Мицкевичи	Мицкевичи		Міцкевічы	53.297222	25.752777	
Брест	Барановичский	138244	2767104517	оп	Молчадь	Молчадь		Моўчадзь	53.315277	25.715834	
Брест	Барановичский	138403	306069225	ст	Мордичи	Мордичи		Мордзічы	53.2675	25.819445	
Брест	Барановичский	138530		оп	Победа	Победа		Пабеда	53.19611	26.158056	
Брест	Барановичский	137101	306069178	ст	Полонка	Полонка		Палонка	53.121666	25.727777	
Брест	Барановичский	138526	0	оп	Пост 1	Пост №1		Пост №1	53.175278	26.105556	
Брест	Барановичский	137148	1462397040	оп	Приозёрный	Приозерный		Прыазёрны	53.1125	25.86389	
Брест	Барановичский	138916	306069418	ст	Русино	Русино		Русіно	53.086113	26.096945	
Брест	Барановичский	137114	1464382030	оп	Севрюки	Севрюки		Сеўрукі	53.115833	25.827778	
Брест	Барановичский	138545	306069437	оп	Юшкевичи	Юшкевичи		Юшкавічы	53.206112	26.23639	
Брест	Берёзовский	133804	306068966	ст	Белоозёрск	Белоозерск		Белаазёрск	52.466667	25.188889	
Брест	Берёзовский	134116	1350285286	оп	Берёза-Город	Берёза-Город		Бяроза-Горад	52.54861	24.975277	
Брест	Берёзовский	133700	2474063767	ст	Берёза-Картузская	Берёза-Картузская		Бяроза Картузская	53.532776	24.900833	
Брест	Берёзовский	134008	306068964	ст	Бронная Гора	Бронная Гора		Бронная Гара	52.60611	25.094444	
Брест	Берёзовский	134243	2315175258	оп	Войтешин	Войтешин		Вайцяшын	52.513054	25.156944	
Брест	Берёзовский	133729	2741737671	оп	Кабаки	Кабаки		Кабакі	52.51389	24.769722	
Брест	Берёзовский	133626	2741737676	оп	Павловичи	Павловичи		Паўлавічы	52.50722	24.687778	
Брест	Берёзовский	134239	2315175262	оп	Речица	Речица (Брестск.)	Речица	Рэчыца	52.56222	25.126389	
Брест	Брестский	130825	812713802	оп	Берёзовая Роща	Берёзовая Роща		Бярозавы Гай	52.043056	23.780277	
Брест	Брестский	132534	2084838678	оп	Боровая	Боровая		Баравая	51.956944	23.897223	
Брест	Брестский	130399	306062471	оп	Верасы	Верасы		Верасы	52.003056	23.715279	
Брест	Брестский	132407	306064401	ст	Влодава	Влодава		Уладава	51.55	23.614445	
Брест	Брестский	132229	1409175502	оп	Дачное	Дачное (Брестск.)	Дачное	Дачнае	52.179443	23.597221	
Брест	Брестский	132337	306064445	оп	Домачево	Домачево Город		Дамачава Горад	51.731945	23.625	
Брест	Брестский	132303	306064419	ст	Дубица	Дубица		Дубіца	51.805557	23.645834	
Брест	Брестский	132549	2084838682	оп	Дубок	Дубок		Дубок	51.986946	23.851944	
Брест	Брестский	132553	2084838684	оп	Жемчужина	Жемчужина		Жамчужына	51.995556	23.838612	
Брест	Брестский	130416	2305812433	оп	Заказанка	Заказанка		Заказанка	51.964443	23.683332	
Брест	Брестский	132267	2742445870	оп	Западное	Западное		Заходняе	52.229168	23.541666	
Брест	Брестский	132318	306064447	оп	Збунин	Збунин		Збунін	51.841667	23.63611	
Брест	Брестский	130384	306064450	оп	Знаменка	Знаменка		Знаменка	51.880554	23.641388	
Брест	Брестский	130914	2084823993	оп	Каменная	Каменная		Каменная	52.00611	23.8225	
Брест	Брестский	132394	2305812452	оп	Кобелка	Кобёлка	Кобелки	Кабёлка	51.744446	23.63889	
Брест	Брестский	130375	306064421	оп	Кодень	Кодень		Кодзень	51.924446	23.654167	
Брест	Брестский	132380	306064399	оп	Комаровка	Комаровка		Камароўка	51.578056	23.609444	
Брест	Брестский	130242	2741737673	оп	Кошелево	Кошелево		Кошалева	52.130554	23.8125	
Брест	Брестский	132322	306064452	оп	Леплёвка	Леплёвка		Ляплёўка	51.765	23.647778	
Брест	Брестский	132341	2338416157	оп	Липенки	Липенки	Липинки	Ліпінкі	51.699165	23.6	
Брест	Брестский	132204	306064417	ст	Лыщицы	Лыщицы		Лышчыцы	52.25778	23.49639	
Брест	Брестский	131739	306064406	оп	Люта	Люта		Люта	52.28389	23.455555	
Брест	Брестский	130346	2742182029	оп	Митьки	Митьки		Міцькі	52.02722	23.714445	
Брест	Брестский	130401	306064466	ст	Мотыкалы				52.20778	23.584723	alex73: зьмяніў код 130420->130401 бо няма http://www.rw.by/schedule/suburban/?stid=130420
Брест	Брестский	132233	2742445871	оп	Мотыкалы Большие	Мотыкалы Большие		Матыкалы Вялікія	52.194443	23.595833	
Брест	Брестский	130810	306069072	оп	Посёлок Мухавец	Мухавец		Мухавец	52.02778	23.794445	
Брест	Брестский	132360	306064437	оп	Приборово	Приборово		Прыбарава	51.62472	23.59389	
Брест	Брестский	132248	306064177	оп	Прибужье	Прибужье		Прыбужжа	52.157776	23.616945	
Брест	Брестский	130350	271029642	оп	Прилуки	Прилуки		Прылукі	51.98611	23.70111	
Брест	Брестский	132375	306064440	оп	Селяхи	Селяхи		Селяхі	53.608334	21.6	
Брест	Брестский	130365	306064423	оп	Страдичи	Страдичи		Страдзеч	51.941666	23.664722	
Брест	Брестский	130219	2305838959	оп	Харитоны	Харитоны		Харытоны	52.147778	23.869444	
Брест	Брестский	132356	306064438	оп	Харсы	Харсы		Харсы	51.65972	23.591667	
Брест	Брестский	132214	306064391	оп	Щитники	Щитники		Шчытнікі	52.23861	23.527779	
Брест	Ганцевичский	139603	306069663	ст	Ганцевичи	Ганцевичи		Ганцавічы	52.758335	26.436111	
Брест	Ганцевичский	139641	2761374156	оп	Любашево	Любашево		Любашава	52.780834	26.41639	
Брест	Ганцевичский	139533	306069673	оп	Люсино	Люсино		Люсіна	52.658333	26.491667	
Брест	Ганцевичский	139514	2761374171	ст	Мальковичи	Мальковичи		Малькавічы	52.54028	26.580555	
Брест	Ганцевичский	139552	0	оп	Молодёжный	Молодёжный (Лунинецк.)		Маладзёжны	52.49472	26.640278	
Брест	Ганцевичский	139548	306069672	оп	Рассвет	Рассвет		Рассвет	52.7375	26.455833	
Брест	Ганцевичский	139529	306069694	оп	Якуба Коласа	Якуба Коласа		Якуба Коласа	52.629166	26.508333	
Брест	Дрогичинский	132816	839143392	оп	Антополь	Антополь Кобринский		Антопаль Кобрынскі	52.19	24.781944	
Брест	Дрогичинский	132820	839143858	оп	Вулька Антопольская	Вулька Антопольская		Вулька Антопальская	52.184444	24.856945	
Брест	Дрогичинский	132905	833762334	ст	Дрогичин	Дрогичин		Драгічын	52.181946	25.058056	
Брест	Дрогичинский	132919	475029053	оп	Дрогичин-Город	Дрогичин-Город		Драгічын-Горад	52.179443	25.1525	
Брест	Дрогичинский	132924	841517726	оп	Липники	Липники		Ліпнікі	52.168056	25.234722	
Брест	Дрогичинский	133014	2307164310	оп	Огдемер	Огдемер		Агдэмер	52.155	25.319445	
Брест	Дрогичинский	132939	2307164424	оп	Орловичи	Орловичи		Орлавічы	52.178333	25.416666	
Брест	Дрогичинский	132835	839144186	оп	Пигановичи	Пигановичи		Пігановічы	52.1775	24.958334	
Брест	Жабинковский	131283	306062247	оп	Батча	Батча		Батча	52.218056	24.172777	
Брест	Жабинковский	131298	0	оп	Бобры	Бобры (Кобринск.)	Бобры	Бабры	52.217777	24.094444	
Брест	Жабинковский	131207	306062224	ст	Жабинка	Жабинка		Жабінка	52.20139	24.019722	
Брест	Жабинковский	131211	2741737674	оп	Матеевичи	Матеевичи		Мацеевічы	52.234444	24.090279	
Брест	Жабинковский	130223	2741737675	оп	Нагораны	Нагораны		Нагараны	52.170277	23.94139	
Брест	Жабинковский	130238	306062222	оп	Сахарный Завод	Сахарный завод		Цукровы Завод	52.18861	23.985556	
Брест	Жабинковский	131226	271033499	оп	Яковчицы	Яковчицы		Якаўчыцы	52.254166	27.125	
Брест	Ивановский	133024	0	оп	Снитово	Снитово		Снітава	52.143055	25.444445	
Брест	Ивановский	133005		ст	Трудовая	Трудовая		Трудавая	52.145832	25.393055	
Брест	Ивановский	133113	306069153	ст	Юхновичи	Юхновичи		Юхнавічы	52.121666	25.731945	
Брест	Ивановский	133109	306069120	ст	Янов-Полесский	Янов-Полесский		Янаў Палескі	52.129166	25.552778	
Брест	Ивацевичский	134224	306069061	оп	Борки	Борки		Боркі	52.77778	25.4125	
Брест	Ивацевичский	134313	306069150	оп	Бытень	Бытень		Быцень	52.87639	25.619444	
Брест	Ивацевичский	134309	306069147	ст	Доманово	Доманово		Даманава	52.828335	25.475	
Брест	Ивацевичский	134205	1186367352	ст	Ивацевичи	Ивацевичи		Івацэвічы	52.70889	25.346111	
Брест	Ивацевичский	134101	2741737672	ст	Коссово-Полесское	Коссово-Полесское		Косава Палескае	52.651943	25.223612	
Брест	Каменецкий	131724	306062196	оп	Верба	Верба		Вярба	52.31778	23.427778	
Брест	Каменецкий	131705	306062197	ст	Высоко-Литовск	Высоколитовск	Высоко-Литовск	Высокалітоўск	52.4	23.383888	
Брест	Каменецкий	131713	2513189100	оп	Высокое-Город	Высокое-Город		Высокае-Горад	52.356945	23.416666	
Брест	Кобринский	132801	306068862	ст	Городец	Городец		Гарадзец	52.19528	24.693333	
Брест	Кобринский	132712	2307164422	оп	Камень	Камень		Камень	52.201946	24.518055	
Брест	Кобринский	132708	476416018	ст	Кобрин	Кобрин		Кобрын	52.22361	24.347221	
Брест	Кобринский	132842	2307164423	оп	Липово	Липово		Ліпава	52.193054	24.598055	
Брест	Кобринский	131230	306062246	оп	Столпы	Столпы		Стаўпы	52.281944	24.169167	
Брест	Кобринский	131245	2741737678	ст	Тевли	Тевли		Тэўлі	52.339443	24.2375	
Брест	Кобринский	132727	2742508083	оп	Черевачицы	Черевачицы		Чаравачыцы	52.219166	24.230556	
Брест	Лунинецкий	139478	306069764	оп	Бостынь	Бостынь		Бастынь	52.39389	26.76389	
Брест	Лунинецкий	133452	306069752	оп	Вулька Лунинецкая	Вулька Лунинецкая		Вулька Лунінецкая	52.2825	26.71611	
Брест	Лунинецкий	139444	306069861	оп	Дребск	Дребск		Дрэбск	52.229168	27.026388	
Брест	Лунинецкий	139463	306069778	оп	Дятловичи	Дятловичи		Дзятлавічы	52.359722	26.796667	
Брест	Лунинецкий	139321	306069781	оп	Журавинка	Журавинка (Лунинецк.)	Журавинка	Журавінка	52.17361	26.79861	
Брест	Лунинецкий	151944	306069883	ст	Лахва	Лахва		Лахва	52.22361	27.080278	
Брест	Лунинецкий	133429	306069535	оп	Лобча	Лобча		Лобча	52.294724	26.534721	
Брест	Лунинецкий	133433	306069643	ст	Ловча	Ловча		Лоўча	52.297222	26.61861	
Брест	Лунинецкий	139406	306069777	ст	Лунинец	Лунинец		Лунінец	52.244446	26.808332	
Брест	Лунинецкий	151910	306069809	оп	Любань	Любань		Любань	52.22361	27.133333	
Брест	Лунинецкий	139425	0	оп	Любожердье	Любожердье		Любажэрдзе	52.233334	26.820833	
Брест	Лунинецкий	139502	306069630	ст	Люща	Люща		Люшча	52.449444	26.709723	
Брест	Лунинецкий	152106	306069905	ст	Микашевичи	Микашевичи		Мікашэвічы	52.215	27.475	
Брест	Лунинецкий	139436	306069738	оп	Ракитно	Ракитно		Ракітна	52.233334	26.937222	
Брест	Лунинецкий	139459	2761374192	оп	Сад	Сад		Сад	52.3	26.827778	
Брест	Лунинецкий	151925	306069806	ст	Сенкевичи	Сенкевичи		Сінкевічы	52.209167	27.26111	
Брест	Лунинецкий	152006	0	ст	Ситница	Ситница		Сітніца	52.208332	26.405556	
Брест	Лунинецкий	151934	0	оп	Ситница	Ситница-Посёлок		Сітніца-Пасёлак	52.204166	26.36111	
Брест	Лунинецкий	152114	306069934	оп	Случь	Случь		Случ	52.219723	27.55	
Брест	Лунинецкий	133448	271038449	оп	Хвоецкое	Хвоецкое		Хваецкае	52.288612	26.672222	
Брест	Лунинецкий	139410		оп	Яжевки	Яжевки		Яжаўкі	52.240833	26.841667	
Брест	Ляховичский	139618	306069519	оп	Буды	Буды		Буды	52.866943	26.36389	
Брест	Ляховичский	138954	306069525	оп	Жеребковичи	Жеребковичи		Жарабковічы	53.07861	26.454166	
Брест	Ляховичский	138935	306069608	оп	Ковали	Ковали		Кавалі	53.070835	26.269444	
Брест	Ляховичский	139622	306069587	оп	Кулени	Кулени		Куляні	52.919724	26.349722	
Брест	Ляховичский	139923	2305857340	оп	Петуховщина	Петуховщина		Петухоўшчына	53.038334	26.195833	
Брест	Ляховичский	138945	306069575	оп	Подлесье	Подлесье		Падлессе	53.072224	26.388334	
Брест	Ляховичский	139800	306069601	ст	Рейтанов	Рейтанов		Райтанаў	52.97778	26.309723	
Брест	Ляховичский	139637	2761374186	оп	Романовщина	Романовщина		Раманоўшчына	52.885277	26.358612	
Брест	Ляховичский	138920	306069407	оп	Федюки	Федюки		Федзюкі	53.0725	26.170834	
Брест	Ляховичский	139919	306069395	оп	Щара	Щара		Шчара	53.058334	26.159445	
Брест	Малоритский	132500	306062225	ст	Закрутин	Закрутин		Закруцін	51.944443	23.919445	
Брест	Малоритский	132604	306062232	ст	Малорита	Малорита		Маларыта	51.795	24.086666	
Брест	Малоритский	132619	306062220	оп	Мельники	Мельники		Мельнікі	51.739166	24.134722	
Брест	Малоритский	132523	306062230	оп	Пожежин	Пожежин		Пажэжын	51.880554	24.025	
Брест	Малоритский	132515	306062228	оп	Роматово	Роматово		Раматава	51.904446	23.98611	
Брест	Малоритский	132002	1376995310	ст	Хотислав	Хотислав		Хаціслаў	51.705	24.175278	
Брест	Пинский	133310	2760118476	оп	Алёнушка	Алёнушка		Алёнушка	52.18889	26.290277	
Брест	Пинский	133467	2760118477	оп	Вылазы	Вылазы		Вылазы	52.219444	26.355	
Брест	Пинский	133471	306069548	оп	Дубновичи	Дубновичи		Дубнавічы	52.269165	26.449444	
Брест	Пинский	133132	2747790268	оп	Молотковичи	Молотковичи		Малоткавічы	52.1175	25.925	
Брест	Пинский	133414	306069560	оп	Озёрная	Озёрная		Азёрная	52.202778	26.320278	
Брест	Пинский	133400	306069552	ст	Парохонск	Парохонск		Парахонск	52.2475	26.411112	
Брест	Пинский	133128	306069212	оп	Понятичи	Понятичи		Паняцічы	52.119446	25.85	
Брест	Пинский	133325	306069456	ст	Ясельда	Ясельда		Ясельда	52.175835	26.252777	
Брест	Пружанский	131251	271034020	оп	Лясы	Лясы		Лясы	52.410557	24.333334	
Брест	Пружанский	133607	306068807	ст	Оранчицы	Оранчицы		Аранчыцы	52.470833	24.525278	
Брест	Пружанский	131264	2741737677	оп	Прилутчина	Прилутчина		Прылуччына	52.42889	24.391666	
Брест	Пружанский	133611	2741737679	оп	Ткачи	Ткачи		Ткачы	52.5	24.619167	
Брест	Столинский	139228	306069731	оп	Бухличи	Бухличи		Бухлічы	51.801388	26.783333	
Брест	Столинский	139302	2338416156	ст	Видибор	Видибор		Відзібор	51.988335	26.772223	
Брест	Столинский	139209	2760129354	ст	Горынь	Горынь		Гарынь	51.85278	26.785	
Брест	Столинский	139711	306069792	ст	Припять	Припять		Прыпяць	52.12583	26.791666	
Брест		138901	2737375271	ст	Барановичи-Полесские	Барановичи-Полесские		Баранавічы Палескія	53.128334	26.044167	
Брест		138437	1611719740	ст	Барановичи-Северные	Барановичи-Северные		Баранавічы Паўночныя	53.15278	26.016945	
Брест		138507	2737517828	ст	Барановичи-Центральные	Барановичи-Центральные		Баранавічы Цэнтральныя	53.131943	25.99611	
Брест		130204	306062343	ст	Брест-Восточный	Брест Восточный		Брэст Усходні	52.109722	23.731945	
Брест		130308	908349181	ст	Брест-Полесский				52.095	23.712223	
Брест		130100	306064302	ст	Брест-Северный				52.113888	23.652779	
Брест		130007	1034170744	ст	Брест-Центральный				52.101387	23.681944	
Брест		130837	1092601181	ст	Брест-Южный				52.065277	23.752777	
Брест		138973	306069277	оп	Локомотивное Депо	Локомотивное Депо		Лакаматыўнае Дэпо	53.11611	25.968056	
Брест		139904	2761374163	ст	Ляховичи	Ляховичи		Ляхавічы	53.029167	26.229166	
Брест		133202	460411021	ст	Пинск	Пинск		Пінск	52.122223	26.089167	
Брест		132252	1409175504	оп	Скоки	Скоки		Скокі	52.13889	23.636944	
Брест		130312	306062147	оп	Юго-Запад	Юго-Запад		Паўднёвы Захад	52.075	23.73611	
Витебск	Браславский	164605	306065017	ст	Друя	Друя		Друя	55.77833	27.481388	
Витебск	Верхнедвинский	161823	746916778	оп	Бениславского	Бениславского		Беніслаўскага	55.710556	28.228056	
Витебск	Верхнедвинский	161700	306064959	ст	Бигосово	Бигосово		Бігосава	55.83389	27.73889	
Витебск	Верхнедвинский	161908	1632682372	ст	Борковичи	Борковичи		Боркавічы	55.670277	28.327223	
Витебск	Верхнедвинский	161804	306064913	ст	Верхнедвинск	Верхнедвинск		Верхнядзвінск	55.8175	27.941668	
Витебск	Верхнедвинский	161838	1613918486	оп	Сарьянка	Сарьянка		Сар'янка	55.833332	27.87	
Витебск	Верхнедвинский	161819	746916783	ст	Свольно	Свольно		Свольна	55.754723	28.1075	
Витебск	Витебский	167016	27225274	пп	19км	19 км		19 км	55.044445	30.17	
Витебск	Витебский	167020	2806029177	пп	25км	25 км		25 км	54.988888	30.18	
Витебск	Витебский	165754	306066283	ст	Заболотинка	Заболотинка		Забалоцінка	55.111668	30.300278	
Витебск	Витебский	167054	306066267	ст	Замосточье	Замосточье		Замасточча	55.01389	30.179722	
Витебск	Витебский	160021	306066570	ст	Княжица	Княжица		Княжыца	55.183056	30.022778	
Витебск	Витебский	165741	1967199884	оп	Копты	Копты		Копці	55.066666	30.36389	
Витебск	Витебский	165025		оп	Краева	Краева		Краёва	55.237778	28.858612	
Витебск	Витебский	167119	1613164875	оп	Крестьянка	Крестьянка		Красцьянка	55.113056	30.163334	
Витебск	Витебский	160036	778200323	оп	Лётцы	Летцы		Лётцы	55.20361	29.936111	
Витебск	Витебский	160322	27239749	ст	Лосвида	Лосвидо	Лосвидо	Лосвіда	55.328888	30.090555	LLlypuk82: «немного» правок после велопробега (дороги,колодцы,колонки,птицефабрика,природа)
Витебск	Витебский	160318	27239792	ст	Лужесно	Лужесно		Лужасна	55.25528	30.11389	
Витебск	Витебский	165769	169303333	ст	Лучёса	Лучёса		Лучоса	55.145	30.238611	
Витебск	Витебский	167035	1026516880	оп	Лычковского	Лычковского		Лычкоўскага	54.93222	30.189167	
Витебск	Витебский	167105	1613164876	ст	Медведка	Медвёдка		Мядзвёдка	55.139446	30.160833	
Витебск	Витебский	165909	306066284	ст	Придвинская				55.281666	30.304722	
Витебск	Витебский	167073	27225249	оп	Сосновка	Сосновка		Сасноўка	55.086113	30.172222	
Витебск	Витебский	160040	1613920598	ст	Старое Село	Старое Село		Старое Сяло	55.22778	29.88611	
Витебск	Глубокский	165103	306064920	ст	Боровое	Боровое		Баравое	55.214443	28.081667	
Витебск	Глубокский	164906	1390888197	ст	Глубокое	Глубокое		Глыбокае	55.133335	27.672222	
Витебск	Глубокский	164910	1683162957	оп	Журки	Журки		Журкі	55.06333	27.704445	
Витебск	Глубокский	165148	306064880	ст	Загатье	Загатье		Загацце	55.345833	28.347221	
Витебск	Глубокский	165037	1390613646	оп	Замошье	Замошье (Крулевщ.)	Замошье	Замошша	55.110554	27.877222	
Витебск	Глубокский	165114	247895719	ст	Зябки	Зябки		Зябкі	55.256943	28.1775	
Витебск	Глубокский	164450	306065039	оп	Константинов Двор	Константинов Двор		Канстанцінаў Двор	55.130554	27.501112	
Витебск	Глубокский	165133	1026471163	рзд	Кульгаи	Кульгаи		Кульгаі	55.305557	28.297222	
Витебск	Глубокский	165006	306064922	ст	Подсвилье	Подсвилье		Падсвілле	55.162224	27.97889	
Витебск	Глубокский	165129	306064893	оп	Полеваче	Полеваче		Палевачы	55.285557	28.224445	
Витебск	Глубокский	164465	306065027	оп	Шарабаи	Шарабаи		Шарабаі	55.13361	27.585556	
Витебск	Глубокский	164018	1390617525	оп	Шипы	Шипы		Шыпы	53.075	27.829166	
Витебск	Городокский	160341	2222956803	оп	Батали	Батали		Баталі	55.389446	30.084723	
Витебск	Городокский	166210	27077712	ст	Бычиха	Бычиха		Бычыха	55.679165	29.481112	
Витебск	Городокский	160604	27077492	ст	Городок	Городок		Гарадок	55.47	30.008055	
Витебск	Городокский	160731	306066546	ст	Грибачи	Грибачи		Грыбачы	55.763332	29.997223	
Витебск	Городокский	160801	306066510	ст	Езерище	Езерище		Езярышча	55.84028	29.975	
Витебск	Городокский	160337	306066519	ст	Залучье	Залучье		Залучча	55.408333	30.0625	
Витебск	Городокский	160746	27077726	оп	Меховое	Меховое		Мехавое	55.705	29.98889	
Витебск	Городокский	160708	306066939	ст	Прудок	Прудок		Прудок	55.503334	29.965555	
Витебск	Городокский	160712	306066935	ст	Росляки	Росляки		Раслякі	55.58472	29.941668	
Витебск	Докшицкий	163814	306065052	оп	Вереньки	Вереньки		Вярэнькі	54.83889	27.509722	
Витебск	Докшицкий	163922	1648442805	оп	Володьки	Володьки		Валодзькі	54.98611	27.7	
Витебск	Докшицкий	164003	306064927	ст	Крулевщизна	Крулевщизна		Крулеўшчына	55.02778	27.783333	
Витебск	Докшицкий	163903	306065007	ст	Парафьянов	Парафьянов		Параф’янаў	54.878056	27.60389	
Витебск	Докшицкий	163918	306064938	оп	Порплище	Порплище		Порплішча	54.955555	27.670555	
Витебск	Дубровенский	169011	306065986	оп	Киреево	Киреёво		Кіраёва	54.675278	30.770277	
Витебск	Дубровенский	169007	306066031	ст	Осиновка	Осиновка		Асінаўка	54.649445	30.661388	
Витебск	Дубровенский	168907	306066034	ст	Хлюстино	Хлюстино		Хлюсціна	54.620834	30.566668	
Витебск	Дубровенский	169026	306065976	оп	Шуховцы	Шуховцы		Шухаўцы	54.68667	30.889723	
Витебск	Лепельский	168201	271044537	ст	Заслоново	Заслоново		Заслонава	54.87361	28.931944	
Витебск	Лепельский	168112	1878109362	оп	Лазовики	Лазовики		Лазовікі	54.88111	28.858055	
Витебск	Лепельский	168108	271043772	ст	Лепель	Лепель		Лепель	54.875	28.694166	
Витебск	Лиозненский	165720	271089133	оп	Выдрея	Выдрея		Выдрэя	55.021946	30.605556	
Витебск	Лиозненский	165608	306065981	ст	Заольша	Заольша		Завольша	54.98861	30.941668	
Витебск	Лиозненский	165735	306066222	ст	Крынки	Крынки		Крынкі	55.031113	30.44139	
Витебск	Лиозненский	165701	306065947	ст	Лиозно	Лиозно		Лёзна	55.01389	30.79861	
Витебск	Лиозненский	165612	306065960	оп	Черницы	Черницы		Чарніцы	55.004723	30.871666	
Витебск	Лиозненский	165716	306065952	оп	Шахи	Шахи		Шахі	55.025555	30.706388	
Витебск	Миорский	164713	306065033	оп	Зори	Зори		Зоры	55.50111	27.525555	
Витебск	Миорский	164612	664271334	оп	Идолты	Идолты		Ідолта	55.70222	27.580555	
Витебск	Миорский	164709	130200701	ст	Миоры	Миоры		Мёры	55.62528	27.608889	
Витебск	Оршанский	168767	271087516	оп	11км	11 км		11 км	54.566387	30.278055	
Витебск	Оршанский	168663	271085573	оп	Адровка	Адровка		Адроўка	54.63639	30.052221	
Витебск	Оршанский	168752	919482658	оп	Васьковщизна	Васьковщизна		Васькаўшчына	54.52833	30.345833	
Витебск	Оршанский	142177	306065877	оп	Веровойша	Веровойша		Веравойша	54.51611	30.280556	
Витебск	Оршанский	166418	271090976	пп	Городнянский	Городнянский		Гараднянскі	54.5475	30.4225	
Витебск	Оршанский	168714	919482539	оп	Гребнево	Гребенёво		Грабянёва	54.61111	30.211111	
Витебск	Оршанский	142127	306066574	оп	Дятлово	Дятлово		Дзятлава	54.478054	30.130278	
Витебск	Оршанский	166615	1838736503	оп	Звёздный	Звёздный		Зорны	54.41111	30.305555	
Витебск	Оршанский	168729	919488902	оп	Криничино	Криничино		Крынічына	54.588333	30.266666	
Витебск	Оршанский	142146	306065846	оп	Ломачино	Ломачино		Ламачына	54.50861	30.239166	
Витебск	Оршанский	166776	1026522249	оп	Лужки	Лужки		Лужкі	54.753613	30.28	
Витебск	Оршанский	168733	919482541	оп	Машково	Машково		Машкова	54.558613	30.291666	
Витебск	Оршанский	166723	27225493	ст	Можеевка	Можеевка		Мажэеўка	54.566387	30.412222	
Витебск	Оршанский	156914	1019024490	ст	Прокшино	Прокшино		Прокшына	54.37611	30.29139	
Витебск	Оршанский	158708	1563490090	ст	Румино	Румино		Руміна	54.44	30.463888	
Витебск	Оршанский	158623	1563490094	оп	Сидоровка	Сидоровка		Сідараўка	54.40278	30.590834	
Витебск	Оршанский	168748	271086763	оп	Слободской	Слободский		Слабодскі	54.55	30.328333	
Витебск	Оршанский	168700	919482139	ст	Смольяны	Смольяны		Смальяны	54.627777	30.158333	
Витебск	Оршанский	142131	306065850	оп	Солнечный	Солнечный		Сонечны	54.491943	30.192223	
Витебск	Оршанский	166761	306066257	ст	Стайки	Стайки		Стайкі	54.685	30.319166	
Витебск	Оршанский	166422	271090970	ст	Хлусово	Хлусово		Хлусава	54.595833	30.435278	
Витебск	Оршанский	142165	306065899	оп	Хороброво	Хороброво		Хорабрава	54.514168	30.326944	
Витебск	Оршанский	166600	1563473239	ст	Червено	Червино	Червено	Чэрвіна	54.444443	30.32361	
Витебск	Оршанский	168644	919527407	оп	Шибеки	Шибеки		Шыбекі	54.6375	29.964722	
Витебск	Оршанский	166738	306065930	оп	Юрцево	Юрцево		Юрцава	54.622776	30.38611	
Витебск	Полоцкий	162012	1632682369	ст	Адамово	Адамово		Адамова	55.621666	28.47	
Витебск	Полоцкий	161607	306066822	ст	Алёща	Алёща		Алёшча	55.734722	29.3325	
Витебск	Полоцкий	162116	119298101	ст	Баравуха	Баравуха		Баравуха	55.585556	28.598612	
Витебск	Полоцкий	165152	306064884	оп	Ветрино	Ветрино		Ветрына	55.406387	28.475	
Витебск	Полоцкий	161113	306066788	рзд	Глушанино	Глушанино		Глушаніна	55.394444	29.149723	
Витебск	Полоцкий	161128	1565450555	ст	Горяны	Горяны		Гараны	55.425	29.036388	
Витебск	Полоцкий	161518	1967211275	ст	Дретунь	Дретунь		Дрэтунь	55.698612	29.216667	
Витебск	Полоцкий	165307	306067256	ст	Ксты	Ксты		Ксты	55.453335	28.721666	
Витебск	Полоцкий	161912	1632682374	оп	Подозёрцы	Подозерцы		Падазерцы	55.63889	28.419445	
Витебск	Полоцкий	161240	1967214770	оп	Поздняково	Позняково		Пазнякова	55.549446	28.905556	
Витебск	Полоцкий	161255	119324550	ст	Полота	Полота		Палата	55.60389	29.044445	
Витебск	Полоцкий	162211	507064785	ст	Ропнянская	Ропнянская		Рапнянская	55.543888	28.677221	
Витебск	Полоцкий	161217	1967214771	оп	Секеровщина	Секеровщина		Сякераўшчына	55.530556	28.88	
Витебск	Полоцкий	165203	306064844	ст	Фариново	Фариново		Фарынава	55.424446	28.583889	
Витебск	Полоцкий	165311	119298140	рзд	Фомино	Фомино		Фаміно	55.468887	28.88611	
Витебск	Полоцкий	161269	1967211288	оп	Юровичи	Юровичи		Юравічы	55.574444	28.484167	
Витебск	Поставский	164319	271040071	оп	Вальки	Вальки		Валькі	55.13361	26.975834	
Витебск	Поставский	164431	1390888192	оп	Веретеи	Веретеи		Верацеі	55.13861	27.4225	
Витебск	Поставский	164408	306065061	ст	Воропаево	Воропаево		Варапаева	55.141666	27.203333	
Витебск	Поставский	164342	1656426614	оп	Годутишки	Годутишки		Гадуцішкі	55.150555	26.583889	
Витебск	Поставский	164836	1390888218	оп	Гута	Гута		Гута	55.205555	27.197779	
Витебск	Поставский	164338	306065054	оп	Жефарово	Жефарово		Жафарава	55.143055	27.081944	
Витебск	Поставский	164249	306065255	оп	Камайка	Камайка		Камайка	55.12639	26.51361	
Витебск	Поставский	164516	306065263	ст	Лынтупы	Лынтупы		Лынтупы	55.04139	26.312222	
Витебск	Поставский	164412	1390888227	оп	Ляховщина	Ляховщина		Ляхаўшчына	55.139168	27.32361	
Витебск	Поставский	164427	306065044	оп	Новодруцк	Новодруцк		Навадруцк	55.15	27.380833	
Витебск	Поставский	164323	1390888236	оп	Новосёлки	Новоселки	Новосёлки	Навасёлкі	55.135	27.03	
Витебск	Поставский	164234	0	оп	Ольша	Ольша		Вольша	55.130554	26.746666	
Витебск	Поставский	164821	306065050	оп	Полово	Полово		Полава	55.306946	27.213888	
Витебск	Поставский	164304	1236299652	ст	Поставы	Поставы		Паставы	55.12389	26.860556	
Витебск	Поставский	164253	306065264	оп	Разлоги	Разлоги		Разлогі	55.086388	26.422222	
Витебск	Поставский	164446	1390888243	оп	Чёрное	Черное	Чёрное	Чорнае	55.134724	27.266666	
Витебск	Поставский	164215	2377498212	оп	Ярево	Ярево		Ярэва	55.140556	26.661112	
Витебск	Сенненский	167001	306066261	ст	Богушевская	Богушевская		Багушэўская	54.843887	30.209444	
Витебск	Сенненский	168606	919480730	ст	Бурбин	Бурбин		Бурбін	54.7125	29.650555	
Витебск	Сенненский	168625	919480728	оп	Комарово	Комарово		Камарова	54.6725	29.823334	
Витебск	Сенненский	168377	919502231	оп	Менютёво	Менютево		Мянюцева	54.712776	29.593056	
Витебск	Сенненский	168659	271086113	оп	Михново	Михново		Міхнава	54.653057	29.99639	
Витебск	Сенненский	168343	919480731	оп	Сенненский	Сенненская	Сенненский	Сенненская	54.73	29.561111	
Витебск	Сенненский	168610	919480729	оп	Тимирязево	Тимирязево		Ціміразева	54.713055	29.725834	
Витебск	Сенненский	168358	919480732	оп	Уздорники	Уздорники		Уздорнікі	54.746387	29.504168	
Витебск	Толочинский	142019	306066901	оп	Выдерщина	Видерщина	Выдерщина	Відэршчына	54.444443	29.854445	
Витебск	Толочинский	142112	1613159132	оп	Голошевка	Голошевка		Галошаўка	54.474724	30.088888	
Витебск	Толочинский	142108	306066530	ст	Коханово	Коханово		Коханава	54.470554	30.036945	
Витебск	Толочинский	141923	306066893	оп	Красная Горка	Красная Горка		Красная Горка	54.37528	29.683056	
Витебск	Толочинский	168633	1869771042	ст	Лемница	Лемница		Лямніца	54.639446	29.9	
Витебск	Толочинский	142038	271086296	оп	Мартюхово	Мартюхово		Марцюхова	54.46611	29.975834	
Витебск	Толочинский	141942	0	оп	Нарцизово	Нарцизово		Нарцызава	54.34139	29.558332	
Витебск	Толочинский	142023	306066537	оп	Перевалочный	Перевалочный		Перавалачны	54.46583	29.930555	
Витебск	Толочинский	141938		ст	Славное	Славное		Слаўнае	54.308334	29.94861	
Витебск	Толочинский	142004	306066898	ст	Толочин	Толочин		Талачын	54.40222	29.755556	
Витебск	Толочинский	141919	306066891	оп	Троцилово	Троцилово		Трацылава	54.34833	29.603056	
Витебск	Чашникский	168339	1879404489	оп	Блажевщина	Блажевщина		Блажэўшчына	54.739445	29.445555	
Витебск	Чашникский	168324	899339360	оп	Вятны	Вятны		Вятны	54.753613	29.374166	
Витебск	Чашникский	168216	271044551	оп	Жестянка	Жестянка		Жасцянка	54.86722	29.053055	
Витебск	Чашникский	168314	2092285462	оп	Зябы	Зябы		Зябы	54.794724	29.26111	
Витебск	Чашникский	168362		оп	Круглица	Круглица		Кругліца	54.781387	29.302778	
Витебск	Чашникский	168409	0	ст	Новолукомль				54.678333	29.1425	
Витебск	Чашникский	168305	1834952846	ст	Чашники	Чашники		Чашнікі	54.83361	29.142221	
Витебск	Шарковщинский	164817	306065058	оп	Дембово	Дембово		Дэмбава	55.331944	27.299444	
Витебск	Шарковщинский	164802	306065015	ст	Шарковщизна	Шарковщизна		Шаркаўшчына	55.36889	27.472221	
Витебск	Шумилинский	160939	0	оп	Добрино	Добрино		Добрына	55.316666	29.501389	
Витебск	Шумилинский	160910	1613922636	ст	Ловша	Ловжа	Ловша	Лоўжа	55.316944	29.450556	
Витебск	Шумилинский	161109	1967199888	ст	Оболь	Оболь		Обаль	55.363888	29.277779	
Витебск	Шумилинский	160924		оп	Пуща	Пуща		Пушча	55.0175	29.350834	
Витебск	Шумилинский	160063	1399667955	оп	Ужлятино	Ужлятино		Ужляціна	55.255554	29.807777	
Витебск	Шумилинский	160905	937597487	ст	Шумилино	Шумилино		Шуміліна	55.30389	29.620832	
Витебск	Шумилинский	160055	306066884	ст	Язвино	Язвино		Язвіна	55.26389	29.76389	
Витебск		160002	1437288385	ст	Витебск	Витебск-Пасс.	Витебск-Пассажирский	Віцебск Пасажырскі	55.19639	30.188334	
Витебск		166009	306066290	ст	Витьба				55.22111	30.269722	
Витебск		160017	1399667961	пп	Гришаны	Гришаны		Грышаны	55.178333	30.100834	
Витебск		161236	306067042	парк	Громы	Громы		Грамы	55.493057	28.819445	
Витебск		166102	922574383	ст	Журжево				55.185	30.263056	
Витебск		165504	0	ст	Новополоцк				55.494167	28.580555	
Витебск		166704	919483758	ст	Орша-Восточная	Орша-Восточная		Орша Усходняя	54.50611	30.401388	
Витебск		166507	1563477362	ст	Орша-Западная	Орша-Западная		Орша Заходняя	54.505	30.375555	
Витебск		166808	306066018	ст	Орша-Северная				54.541668	30.448889	
Витебск		166403	42176429	ст	Орша-Центральная	Орша-Центр.	Орша-Центральная	Орша Цэнтральная	54.520832	30.375555	
Витебск		161306	119298123	ст	Полоцк	Полоцк		Полацк	55.493057	28.786112	
Витебск		161221	1565450566	ст	Сосница	Сосница		Сосніца	55.48	28.833889	
Витебск		160303	0	ст	Чепино	Чёпино		Чопіна	55.21	30.139723	
Гомель	Брагинский	324607	306064806	ст	Иолча				51.496113	30.522223	
Гомель	Буда-Кошелёвский	155201	306069529	ст	Буда-Кошелёвская	Буда-Кошелёвская		Буда-Кашалёўская	52.71389	30.569445	
Гомель	Буда-Кошелёвский	155240	306069556	оп	Буслы	Буслы		Буслы	52.641666	30.722221	
Гомель	Буда-Кошелёвский	155216	306069553	оп	Бушевка	Бушевка		Бушаўка	52.691113	30.618055	
Гомель	Буда-Кошелёвский	155131	306069761	оп	Забабье	Забабье		Забаб'е	52.788334	30.402779	
Гомель	Буда-Кошелёвский	155254	306069602	оп	Зелёный Остров	Зелёный остров		Зялёны Востраў	52.62639	30.756945	
Гомель	Буда-Кошелёвский	155317	306068355	оп	Калининский	Калининский		Калінінскі	52.57861	30.862778	
Гомель	Буда-Кошелёвский	155150	306069488	оп	Качаново	Качаново		Качанова	52.086113	30.480556	
Гомель	Буда-Кошелёвский	155165	1774807818	оп	Потаповка	Потаповка		Патапаўка	52.739445	30.511667	
Гомель	Буда-Кошелёвский	155235	306069577	оп	Радеево	Радеево		Радзеева	52.65917	30.683332	
Гомель	Буда-Кошелёвский	155273	306069417	оп	Тихиничи	Тихиничи		Ціхінічы	52.945557	30.787222	
Гомель	Буда-Кошелёвский	155305	306069427	ст	Уза	Уза		Уза	52.598057	30.816668	
Гомель	Буда-Кошелёвский	155220	1774807819	оп	Череток	Череток		Чараток	52.67889	30.644444	
Гомель	Буда-Кошелёвский	155146		оп	Шарыбовка	Шарыбовка		Шарыбаўка	52.103054	30.444445	
Гомель	Гомельский	150299	1271056454	оп	15км	Ост.Пункт 15 Км	15 км	15 км	52.2725	31.083334	
Гомель	Гомельский	150212	306068036	ст	Берёзки	Берёзки		Бярозкі	52.391666	31.102777	
Гомель	Гомельский	150551	2312065617	оп	Будотень	Будатин	Будотень	Будацін	52.440277	31.088888	
Гомель	Гомельский	150547	1270842844	оп	Волотова	Волотова		Валатава	52.480556	31.029167	
Гомель	Гомельский	150316	1357799196	оп	Грабовка	Грабовка		Грабаўка	52.179165	31.115278	
Гомель	Гомельский	150343	1787115804	оп	Дачный	Дачный (Терюх.)	Дачный	Дачны	52.368332	31.069166	
Гомель	Гомельский	150320	306068067	оп	Дикаловка	Дикаловка		Дзікалаўка	52.141666	31.127222	
Гомель	Гомельский	150015	306068308	оп	Ерёмино	Еремино		Яроміна	52.5125	30.952778	
Гомель	Гомельский	150662	1787115802	оп	Журавинка	Журавинка (Терюх.)	Журавинка	Журавінка	52.191666	31.110834	
Гомель	Гомельский	150674	306068080	ст	Зябровка	Зябровка		Зябраўка	52.308334	31.212778	
Гомель	Гомельский	155771	306068039	ст	Ипуть	Ипуть Гомельск.	Ипуть	Іпуць	52.403057	31.092222	
Гомель	Гомельский	150284	1271056455	оп	Каровышень	Коровышень		Каравышань	52.28611	31.080555	
Гомель	Гомельский	155748	1270846447	оп	Кленки	Клёнки		Клёнкі	52.455276	31.075	
Гомель	Гомельский	150250	306068069	ст	Коренёвка	Коренёвка		Каранёўка	52.355	31.119167	
Гомель	Гомельский	155502	125679052	ст	Костюковка	Костюковка		Касцюкоўка	52.524166	30.941668	
Гомель	Гомельский	150335	306068070	оп	Кравцовка	Кравцовка		Краўцоўка	52.109444	31.13889	
Гомель	Гомельский	155409	306068334	ст	Лазурная	Лазурная		Лазурная	52.571667	30.881945	
Гомель	Гомельский	150227	306068045	ст	Ларищево	Ларищево		Ларышчава	52.389168	31.179445	
Гомель	Гомельский	150246	306068027	ст	Лисички	Лисички		Лісічкі	52.383335	31.065	
Гомель	Гомельский	155733	1270846446	оп	Плёсы	Плёсы		Плёсы	52.466667	31.058332	
Гомель	Гомельский	154872	306069401	ст	Прибор	Прибор		Прыбар	52.4	30.758055	
Гомель	Гомельский	150621	1787115793	оп	Радуга	Радуга		Радуга	52.167778	31.119167	
Гомель	Гомельский	154919	306069421	оп	Рандовский	Рандовский		Рандоўскі	52.419445	30.841667	
Гомель	Гомельский	155767	306068032	оп	Романовичи	Романовичи		Раманавічы	52.426945	31.09389	
Гомель	Гомельский	154923	306069403	оп	Сады	Сады		Сады	52.406387	30.776945	
Гомель	Гомельский	155714	1232016641	ст	Сож	Сож		Сож	52.49861	30.987778	
Гомель	Гомельский	150277	306068075	оп	Соколка	Соколка		Саколка	52.323334	31.183332	
Гомель	Гомельский	150301	306068064	ст	Терюха	Терюха		Церуха	52.21389	31.103333	
Гомель	Гомельский	150265	306068066	ст	Уть	Уть		Уць	52.305832	31.080555	
Гомель	Гомельский	154868	0	оп	Щербовка	Шербовка		Шчэрбаўка	52.38861	30.696945	
Гомель	Добрушский	150778	0	пп	151 км				52.148613	31.44139	
Гомель	Добрушский	150636	2308993052	оп	Борок	Борок		Барок	52.273335	31.321945	
Гомель	Добрушский	150710	1774842361	оп	Грушевка	Грушевка		Грушаўка	52.183334	31.461111	
Гомель	Добрушский	150509	306068060	ст	Добруш	Добруш		Добруш	52.4	31.323889	
Гомель	Добрушский	150231	1110204953	оп	Дударево	Дударево		Дударава	52.38889	31.220556	
Гомель	Добрушский	150513	306067993	ст	Закопытье	Закопытье		Закапыцце	52.433613	31.480278	
Гомель	Добрушский	150640	306068018	оп	Иваки	Иваки		Івакі	52.26361	31.344444	
Гомель	Добрушский	150725	306067988	оп	Красная Буда	Красная Буда		Красная Буда	52.176945	31.49	
Гомель	Добрушский	150903	306067987	ст	Круговец	Круговец		Кругавец	52.173332	31.690277	
Гомель	Добрушский	150763	306067991	оп	Куток	Куток		Куток	52.144444	31.444445	
Гомель	Добрушский	150759	306067984	оп	Ленинодар	Лениндар	Ленинодар	Леніндар	52.173332	31.6375	
Гомель	Добрушский	150744	306068006	оп	Лукьяновка	Лукьяновка		Лук'янаўка	52.166943	31.589167	
Гомель	Добрушский	150739	306068004	оп	Мошок	Мошок		Машок	52.168335	31.54861	
Гомель	Добрушский	150617	306068023	оп	Носовичи	Носовичи		Насовічы	52.283333	31.277779	
Гомель	Добрушский	150655	1883015015	оп	Прудовка	Прудовка		Прудоўка	52.238888	31.38611	
Гомель	Добрушский	150706	306067996	ст	Тереховка	Тереховка		Церахоўка	52.20861	31.419445	
Гомель	Ельский	151234	2873675824	оп	Богутичи	Богутичи		Багуцічы	51.75889	29.126389	
Гомель	Ельский	151304	306064705	ст	Ельск	Ельск		Ельск	51.820835	29.153889	
Гомель	Ельский	151215	306064652	оп	Забозье	Забозье		Забоззе	51.728333	29.113611	
Гомель	Ельский	151220	2308993127	оп	Новая Рудня	Новая Рудня		Новая Рудня	51.669445	29.086111	
Гомель	Ельский	151130	2015694062	ст	Словечно	Словечно		Славечна	51.631668	29.068056	
Гомель	Житковичский	153314	271041159	ст	Бринёво	Бринёво		Брынёва	52.251945	27.998333	
Гомель	Житковичский	152129	306068852	оп	Бронислав	Бронислав		Браніслаў	52.22778	27.606945	
Гомель	Житковичский	152167	306068841	оп	Дедовка	Дедовка		Дзедаўка	52.231667	27.66361	
Гомель	Житковичский	153301	621144437	ст	Житковичи	Житковичи		Жыткавічы	52.219444	27.857779	
Гомель	Житковичский	152148	306068766	оп	Загорбашье	Загорбашье		Загорбашша	52.231945	27.686666	
Гомель	Житковичский	152152	306068769	оп	Людиневичи	Люденевичи	Людиневичи	Людзяневічы	52.22361	27.75	
Гомель	Житковичский	153329	306068790	ст	Старушки	Старушки		Старушкі	52.253887	28.139166	
Гомель	Жлобинский	155856	306069924	оп	Больница	Больница		Бальніца	52.905556	30.005556	
Гомель	Жлобинский	155042	306069696	ст	Вирский	Вирский		Вірскі	52.88222	30.090279	
Гомель	Жлобинский	155023	306069888	оп	Деповской	Деповской		Дэпоўскі	52.89389	29.998333	
Гомель	Жлобинский	155038	1439596107	ст	Жлобин-Западный	Жлобин-Западный		Жлобін Заходні	52.89528	29.959444	
Гомель	Жлобинский	155004	306069649	ст	Жлобин-Пассажирский			Жлобін Пасажырскі	52.89	30.04139	
Гомель	Жлобинский	154270	306069915	ст	Жлобин-Подольский			Жлобін Падольскі	52.865276	30.027222	
Гомель	Жлобинский	155822	306069923	ст	Жлобин-Северный			Жлобін Паўночны	52.913887	30.006945	
Гомель	Жлобинский	155841	2723565124	ст	Жлобин-Сортировочный	Жлобин Сортировочный		Жлобін Сартавальны	52.890835	30.015556	
Гомель	Жлобинский	154247	306069895	оп	Истопки	Истобки	Истопки	Істобкі	52.795277	29.92361	
Гомель	Жлобинский	148015	306069874	оп	Казимирово	Казимирово		Казімірава	52.929165	29.8725	
Гомель	Жлобинский	155057	306069709	оп	Калыбовка	Калыбовка		Калыбаўка	52.85611	30.166666	
Гомель	Жлобинский	148000	306069795	ст	Красный Берег	Красный Берег		Красны Бераг	52.951946	29.787777	
Гомель	Жлобинский	148027	1439596127	оп	Малевичи	Малевичи		Малевічы	52.918335	29.91361	
Гомель	Жлобинский	155080	1796425563	оп	Металлург	Металлург (Жлобинск.)	Металлург	Металург	52.869446	30.132778	
Гомель	Жлобинский	154232	1055284264	ст	Мормаль	Мормаль		Мормаль	52.780556	29.902779	
Гомель	Жлобинский	154251	306069893	оп	Нивы	Нивы		Нівы	52.815	29.949722	
Гомель	Жлобинский	155837	0	оп	Новые Луки	Новые Луки		Новыя Лукі	52.96	30.008888	
Гомель	Жлобинский	155112	306069782	ст	Салтановка	Салтановка		Салтанаўка	52.818054	30.334723	
Гомель	Жлобинский	154213	306069822	оп	Сельное	Сельное		Сельнае	52.691113	29.762777	
Гомель	Жлобинский	154266	306069884	оп	Солоное	Солоное	Солоноя	Саланое	52.846943	29.997223	
Гомель	Жлобинский	155076	306069733	оп	Старая Рудня	Старая Рудня		Старая Рудня	52.84083	30.280556	
Гомель	Жлобинский	155061	221921314	ст	Хальч	Хальч		Хальч	52.85278	30.197222	
Гомель	Жлобинский	154228	306069807	ст	Ящицы	Ящицы		Яшчыцы	52.72361	29.820833	
Гомель	Калинковичский	153850	306064604	ст	Голевицы	Голевицы		Галявіцы	52.16111	29.494444	
Гомель	Калинковичский	154105	306064609	ст	Горочичи	Горочичи		Гарочычы	52.27	29.421944	
Гомель	Калинковичский	153827	306064612	оп	Дубровичи	Дубровичи		Дубровічы	52.15972	29.354166	
Гомель	Калинковичский	153831	306064607	оп	Дудичи	Дудичи		Дудзічы	52.183334	29.367222	
Гомель	Калинковичский	153808	503706349	ст	Калинковичи				52.139168	29.315277	
Гомель	Калинковичский	153846	0	оп	Калинковичи-Восточные				52.14111	29.348612	
Гомель	Калинковичский	153899	0	оп	Калинковичи-Западные	Калинковичи-Западные		Калінкавічы Заходнія	52.135555	29.276388	
Гомель	Калинковичский	153916	2674818137	оп	Калинковичи-Южные	Калинковичи-Южные		Калінкавічы Паўднёвыя	52.12361	29.272223	
Гомель	Калинковичский	154444	306064640	оп	Кастрычник	Кастрычник		Кастрычнік	52.248333	29.733334	
Гомель	Калинковичский	153723	306064649	ст	Кацуры	Кацуры		Кацуры	52.16528	29.025	
Гомель	Калинковичский	153742	674417813	ст	Клинск	Клинск		Клінск	52.145832	29.14889	
Гомель	Калинковичский	153873	306064645	оп	Лозки	Лозки		Лозкі	52.19639	29.618055	
Гомель	Калинковичский	153812	2907179583	оп	Мелькомбинат	Мелькомбинат		Мелькамбінат	52.140556	29.333055	
Гомель	Калинковичский	153884	306064643	ст	Нахов	Нахов		Нахаў	52.220833	29.6725	
Гомель	Калинковичский	153757	306064728	оп	Руднянский	Руднянский		Руднянскі	52.134445	29.225	
Гомель	Калинковичский	153738	306064682	оп	Садки	Садки		Садкі	52.15889	29.102777	
Гомель	Калинковичский	154111	306064601	оп	Уболоть	Уболоть		Убалаць	52.481667	29.447222	
Гомель	Калинковичский	154124	306064603	ст	Холодники	Холодники		Халоднікі	52.3625	29.472221	
Гомель	Калинковичский	154016	306064717	ст	Юшки	Юшки		Юшкі	52.215	29.386667	
Гомель	Мозырский	151408	306064714	ст	Барбаров				51.90139	29.271944	
Гомель	Мозырский	151605	616104291	ст	Козенки	Козенки		Козенкі	52.031944	29.181944	
Гомель	Мозырский	151338	306064707	ст	Михалки	Михалки		Міхалкі	51.954166	29.206944	
Гомель	Мозырский	151709	1139323117	ст	Мозырь	Мозырь		Мазыр	52.075554	29.202778	
Гомель	Мозырский	151319	306064709	оп	Мытва	Мытва		Мытва	51.892223	29.186666	
Гомель	Мозырский	151802	2805708708	ст	Пхов	Пхов		Пхоў	52.086113	29.236666	
Гомель	Мозырский	151342	0	оп	Сосновый Бор	Сосновый Бор		Сасновы Бор	51.933613	29.204166	
Гомель	Октябрьский	147328	271043348	ст	Бумажково				52.705555	28.897223	alex73: зьмяніў код 147309->147328 бо няма http://www.rw.by/schedule/suburban/?stid=147309
Гомель	Октябрьский	147417	2128594123	оп	Заозёрщина	Заозерщина		Заазершчына	52.79222	29.001667	
Гомель	Октябрьский	147436	271044584	оп	Мошны	Мошны		Мошны	52.852222	29.05139	
Гомель	Октябрьский	147224	306068861	оп	Новая Дуброва	Новая Дуброва		Новая Дуброва	52.682777	28.88889	
Гомель	Октябрьский	147313	271044587	оп	Оземля	Оземля		Воземля	52.747223	28.931389	
Гомель	Октябрьский	147217	306068857	оп	Октябрьский	Октябрьский		Акцябрскі	52.65	28.876389	
Гомель	Октябрьский	147205	306068937	ст	Рабкор	Рабкор		Рабкор	52.61111	28.847221	
Гомель	Октябрьский	147402	271044590	ст	Ратмировичи	Ратмировичи		Ратміравічы	52.775	28.955833	
Гомель	Октябрьский	147421	271044586	оп	Чёрные Броды	Чёрные Броды		Чорныя Брады	52.81389	29.041666	
Гомель	Петриковский	153526	306068802	оп	Бобрич	Бобрик	Бобрич	Бобрык	52.20889	28.431667	
Гомель	Петриковский	153776	306068915	оп	Борречье	Бобречье	Борречье	Бабрэчча	52.190277	28.733334	
Гомель	Петриковский	153507	306068782	ст	Копцевичи	Копцевичи		Капцэвічы	52.228333	28.31611	
Гомель	Петриковский	153615	306068912	ст	Коржевка	Коржевка		Коржаўка	52.205276	28.650555	
Гомель	Петриковский	153600	306068796	ст	Муляровка	Муляровка		Муляраўка	52.208332	28.564444	
Гомель	Петриковский	153719	306068928	ст	Мышанка	Мышанка		Мышанка	52.175556	28.950277	
Гомель	Петриковский	153511	306068799	оп	Оголичи	Оголичи		Аголічы	52.215	28.380556	
Гомель	Петриковский	153761	306068920	ст	Птичь	Птичь (Калинков.)	Птичь	Пціч	52.18639	28.819166	
Гомель	Речицкий	154726	2686680117	оп	Антополь	Антополь Гомельский		Антопаль Гомельскі	52.337223	30.231945	
Гомель	Речицкий	154425	306064168	ст	Бабичи	Бабичи		Бабічы	52.29111	30.002777	
Гомель	Речицкий	154406	306064170	ст	Василевичи	Василевичи		Васілевічы	52.254444	29.830555	
Гомель	Речицкий	154410	306064160	оп	Ведрич	Ведрич		Ведрыч	52.25139	29.925	
Гомель	Речицкий	154463	271085887	оп	Геолог	Геолог		Геолаг	52.329723	30.108334	
Гомель	Речицкий	154459	2686680075	ст	Демехи	Демехи		Дземяхі	52.33472	30.206112	
Гомель	Речицкий	154552	306064175	оп	Защобье	Защобье		Зашчоб'е	52.175556	29.88139	
Гомель	Речицкий	154826	3060913780	оп	Копань	Копань		Капань	52.379166	30.506945	
Гомель	Речицкий	154430		ст	Лиски	Лиски		Ліскі	52.325	30.5925	
Гомель	Речицкий	154548	306064178	оп	Макановичи	Макановичи		Маканавічы	52.141388	29.903334	
Гомель	Речицкий	154711	306064197	ст	Ребуса	Ребуса		Рабуса	52.3425	30.307222	
Гомель	Речицкий	154800	0	ст	Речица	Речица (Гомельск.)	Речица	Рэчыца	52.349167	30.394722	
Гомель	Речицкий	154478	1836801980	оп	Ритм	Ритм		Рытм	52.331665	30.141666	
Гомель	Речицкий	154815	677383492	ст	Сенозавод	Сенозавод		Сеназавод	52.372223	30.477777	
Гомель	Речицкий	154849	1790526805	оп	Чижовка	Чижовка		Чыжоўка	52.375	30.630278	
Гомель	Речицкий	154834	306064348	ст	Якимовка	Якимовка		Якімаўка	52.368057	30.588888	
Гомель	Рогачёвский	155926	271085840	оп	Задрутье	Задрутье		Задруцце	53.06972	30.01111	
Гомель	Рогачёвский	155818	1843278290	ст	Лукское	Лукское		Лукскае	52.9875	30.008055	
Гомель	Рогачёвский	155907	588647021	ст	Рогачёв	Рогачев		Рагачоў	53.093056	30.052221	
Гомель	Рогачёвский	155803	306069869	ст	Сверкова	Сверково		Сверкава	53.050278	30.008333	
Гомель	Рогачёвский	155911	306069862	ст	Старосельский	Старосельский		Старасельскі	53.199165	30.094166	
Гомель	Светлогорский	154162	271085432	ст	Жердь	Жердь		Жэрдзь	52.54861	29.631945	
Гомель	Светлогорский	154143	306068905	ст	Останковичи	Останковичи		Астанкавічы	52.469444	29.541666	
Гомель	Светлогорский	154139	271085451	оп	Плудим	Плудим		Плудзім	52.408054	29.5025	
Гомель	Светлогорский	154209	331099923	ст	Светлогорск-на-Березине	Светлогорск-на-Березине		Светлагорск-на-Бярэзіне	52.63028	29.716389	
Гомель	Светлогорский	154158	306069845	оп	Узнаж	Узнаж		Узнаж	52.52611	29.586111	
Гомель	Хойникский	154529	306064632	оп	Авраамовская	Авраамовская		Аўраамаўская	51.05111	29.99639	
Гомель	Хойникский	154533	306064635	оп	Избынь	Избынь		Ізбынь	52.099167	29.992222	
Гомель	Хойникский	154514	306064631	оп	Осов	Осов		Восаў	52.016945	30.008612	
Гомель	Хойникский	154507	1778401687	ст	Хойники	Хойники		Хойнікі	51.917778	30.008333	
Гомель		150034	306068292	оп	Гомель-Нечётный	Гомель-Нечётный		Гомель Няцотны	52.447777	30.993055	
Гомель		150000	452534425	ст	Гомель-Пассажирский	Гомель-Пасс.	Гомель-Пассажирский	Гомель Пасажырскі	52.43111	30.991667	
Гомель		150138	306068321	ст	Гомель-Северный	Гомель-Северный		Гомель Паўночны	52.456665	30.947222	
Гомель		150119	306068301	оп	Гомель-Чётный	Гомель-Чётный		Гомель Цотны	52.440834	30.966667	
Гомель		150049	306068340	оп	Мильча	Мильча		Мільча	52.4425	30.930555	
Гомель		150123	0	оп	Никольский Переезд	Микольский Переезд		Мікольскі Пераезд	52.441666	30.9875	
Гомель		150208	306068226	ст	Новобелицкая	Новобелицкая		Навабеліцкая	52.3975	31.03389	
Гомель		150024	306068304	рзд	Светоч	Светоч		Светач	52.49278	30.968056	
Гомель		154904	306068337	ст	Центролит	Центролит		Цэнтраліт	52.430557	30.905556	
Гродно	Берестовицкий	136200	2779764244	ст	Берестовица	Берестовица		Бераставіца	53.11639	23.969444	
Гродно	Берестовицкий	136215	306067759	оп	Жиличи	Жиличи		Жылічы	53.1	24.047222	
Гродно	Волковысский	136249	306067740	ст	Андреевичи	Андреевичи		Андрэeвічы	53.111668	24.302778	
Гродно	Волковысский	136732	306067774	оп	Войтковичи	Войтковичи		Войткавічы	53.151943	24.573055	
Гродно	Волковысский	136713	1124648386	оп	Волковыск-Город	Волковыск-Город		Ваўкавыск-Горад	53.154167	24.450556	
Гродно	Волковысский	136709	306067790	ст	Волковыск-Центральный	Волковыск-Центральный		Ваўкавыск Цэнтральны	53.138054	24.415833	
Гродно	Волковысский	136253	306067739	оп	Голынка	Голынка		Галынка	53.116943	24.365278	
Гродно	Волковысский	137222	2779567190	оп	Даниловцы	Даниловцы		Данілаўцы	53.327778	24.433056	
Гродно	Волковысский	136268	2779764245	оп	Лесники	Лесники		Леснікі	53.11	24.197222	
Гродно	Волковысский	136234	306067746	оп	Мстибово	Мстибово		Мсцібава	53.107777	24.236666	
Гродно	Волковысский	136751	306067788	оп	Подстанция	Подстанция		Падстанцыя	53.229168	24.45139	
Гродно	Волковысский	137307	1366680823	ст	Рось	Рось		Рось	53.293056	24.42639	
Гродно	Вороновский	137805	306067423	ст	Бастуны	Бастуны		Бастуны	54.078888	25.295	
Гродно	Вороновский	137909	159923505	ст	Беняконе	Беняконе		Беняконі	54.245556	24.354723	
Гродно	Вороновский	137816	306067414	оп	Вороново	Вороново		Воранава	54.153057	25.302778	
Гродно	Гродненский	135349	320409987	оп	Бирюличи	Бирюличи		Бірулічы	53.588055	24.163889	
Гродно	Гродненский	135227	320409362	оп	Богушевка	Богушовка	Богушевка	Багушоўка	53.761112	23.96139	
Гродно	Гродненский	135250	2313751582	оп	Бокуны	Бокуны		Бакуны	53.56361	23.708334	
Гродно	Гродненский	135104	320409997	ст	Брузги	Брузги		Брузгі	53.55611	23.672222	
Гродно	Гродненский	135284	2294032846	ст	Гибуличи	Гибуличи		Гібулічы	53.61861	24.77	
Гродно	Гродненский	135335	2618756316	ст	Житомля	Житомля		Жытомля	53.619167	24.109722	
Гродно	Гродненский	135320	320409945	ст	Завадичи	Завадичи		Завадзічы	53.645	24.056389	
Гродно	Гродненский	135212	320409397	оп	Каплица	Каплица		Капліца	53.71528	23.932222	
Гродно	Гродненский	135246		оп	Клочки	Клочки		Клачкі	53.560555	23.696667	
Гродно	Гродненский	135272	1041028413	оп	Коробчицы	Коробчицы		Каробчыцы	53.595276	23.760834	
Гродно	Гродненский	134949	1040872569	оп	Лихачи	Лихачи		Ліхачы	53.928333	24.2	
Гродно	Гродненский	134924	2313751584	оп	Лосево	Лосево		Лосева	53.859722	24.106112	
Гродно	Гродненский	135316	1816630311	оп	Мурованка	Мурованка		Мураванка	53.656387	24.022223	
Гродно	Гродненский	135265	2313751585	ст	Немейщизна	Немейщизна		Нямейшчына	53.57611	23.750278	
Гродно	Гродненский	134915	2313751587	оп	Пересельцы	Пересельцы		Перасельцы	53.830276	24.0725	
Гродно	Гродненский	134972	1040927394	ст	Поречье	Поречье		Парэчча	53.886112	24.13611	
Гродно	Гродненский	135231	320409351	оп	Рыбница	Рыбница		Рыбніца	53.82	24.038334	
Гродно	Гродненский	134953	1040872412	оп	Салатье	Салатье		Салацце	53.913612	24.175278	
Гродно	Гродненский	135405	2618756321	ст	Скидель	Скидель		Скідзель	53.572224	24.226667	
Гродно	Гродненский	134968	1040872335	оп	Узбережь	Узбережь		Узбераж	53.941666	24.222221	
Гродно	Гродненский	134987	2166592518	оп	Учитель	Учитель		Настаўнік	53.933334	24.083334	
Гродно	Гродненский	135415	578003878	оп	Хвойняны	Хвойняны		Хвайняны	53.536945	24.274166	
Гродно	Гродненский	134934	320409331	оп	Чернуха	Чернуха		Чарнуха	53.91611	24.106945	
Гродно	Дятловский	138225	306067476	ст	Выгода	Выгода		Выгода а	53.351665	25.6025	
Гродно	Дятловский	138210	503548086	оп	Дворец	Дворец		Дварэц	53.40278	25.583334	
Гродно	Дятловский	138259	2313752949	оп	Клишевичи	Клишевичи		Клішавічы	53.545834	25.522223	
Гродно	Дятловский	138206	306067480	ст	Новоельня	Новоельня		Наваельня	53.46389	25.588612	
Гродно	Дятловский	138230	306067460	оп	Хорошки	Хорошки		Харашкі	53.327778	25.6175	
Гродно	Дятловский	138117	503195290	оп	Яцуки	Яцуки		Яцукі	53.57639	25.51111	
Гродно	Зельвенский	136802	306067852	ст	Зельва	Зельва		Зэльва	53.162224	24.800556	
Гродно	Зельвенский	136747	306067802	оп	Лебяды	Лебеди	Лебяды	Лебядзі	53.18722	24.697222	
Гродно	Зельвенский	136821	306067845	оп	Плетяничи	Плетяничи		Плецянічы	53.122223	24.95	
Гродно	Зельвенский	136817	2315175266	оп	Савичи	Савичи (Волковыск.)	Савичи	Савічы	53.17	24.627777	
Гродно	Зельвенский	136728	2789832826	оп	Старая Весь	Старая Весь		Старая Весь	53.1525	24.893333	
Гродно	Ивьевский	162313	271036651	оп	Березовцы	Березовцы		Бярэзаўцы	54.00139	25.713888	
Гродно	Ивьевский	162309	306067499	ст	Гавья	Гавья		Гаўя	53.97778	25.654167	
Гродно	Ивьевский	162417	306067534	оп	Довгердишки	Довгердишки		Даўгердзішкі	54.09111	25.966667	
Гродно	Ивьевский	162332	2313751583	оп	Князюковцы	Князиковцы		Князікоўцы	53.96528	25.559723	
Гродно	Ивьевский	162328	306067525	оп	Лобачи	Лобачи		Лабачы	54.033333	25.836111	
Гродно	Ивьевский	162402	306067530	ст	Юратишки	Юратишки		Юрацішкі	54.064445	25.918612	
Гродно	Ивьевский	162421	306068754	оп	Яхимовщина	Яхимовщина		Яхімаўшчына	54.120834	26.022223	
Гродно	Лидский	137542	271035342	оп	Белогруда	Белогруда		Белагруда	53.786945	25.180555	
Гродно	Лидский	137627	306067399	оп	Гончары	Гончары		Ганчары	53.73528	25.394444	
Гродно	Лидский	137701	306067663	ст	Гуды	Гуды		Гуды	53.958057	25.265278	
Гродно	Лидский	138009	306067375	ст	Гутно	Гутно		Гутна	53.916943	25.365278	
Гродно	Лидский	137557	1388966502	оп	Далёкий	Далёкие	Далёкий	Далёкія	53.822224	25.215279	
Гродно	Лидский	137631	271035510	оп	Дитва	Дитва		Дзітва	53.752777	25.383333	
Гродно	Лидский	137650	2767104513	оп	Дитрики	Дитрики		Дзітрыкі	53.698055	25.409166	
Гродно	Лидский	138013	306067451	оп	Кирьяновцы	Кирьяновцы		Кір'янаўцы	53.954166	25.509722	
Гродно	Лидский	137523	306067565	оп	Курган	Курган		Курган	53.749443	25.108889	
Гродно	Лидский	137608	306067705	ст	Лида	Лида		Ліда	53.88222	25.294445	
Гродно	Лидский	137612	306067377	ст	Минойты	Минойты		Мінойты	53.791668	25.36389	
Гродно	Лидский	138121	306067384	ст	Нёман	Неман		Нёман	53.671112	25.434723	
Гродно	Лидский	137716	2767236832	оп	Петюны	Петюны		Пецюны	54.056667	25.295834	
Гродно	Лидский	137538	306067562	оп	Поречаны	Поречаны		Парачаны	53.773056	25.144444	
Гродно	Лидский	137646	306067644	оп	Раклевцы	Раклёвцы		Раклёўцы	53.841667	25.2375	
Гродно	Лидский	137519	306067541	оп	Семашки	Семашки		Семашкі	53.72861	25.051666	
Гродно	Лидский	162347	2767449949	оп	Цверма	Цверма		Цверма	53.934723	25.444445	
Гродно	Мостовский	135439	578015351	оп	Дубно	Дубно		Дубна	53.460556	24.38889	
Гродно	Мостовский	135443	271034083	оп	Заполье	Заполье		Заполле	53.430557	24.458055	
Гродно	Мостовский	137218	306067780	оп	Кульшичи	Кульшичи		Кульшычы	53.38111	24.477777	
Гродно	Мостовский	137434	706177401	оп	Микелевщина	Микелевщина		Мікелеўшчына	53.470833	24.664444	
Гродно	Мостовский	137203	706177354	ст	Мосты	Мосты		Масты	53.429165	24.544445	
Гродно	Мостовский	137237	2779567193	оп	Старина	Старина		Старына	53.371944	24.467222	
Гродно	Мостовский	135424	578003861	ст	Черлёна	Черлёна		Чарлёна	53.497223	24.31611	
Гродно	Островецкий	163000	306068713	ст	Гудогай	Гудогай		Гудагай	54.59722	25.894444	
Гродно	Островецкий	163021	2731116199	оп	Каменка	Каменка		Каменка	54.57028	25.955555	
Гродно	Ошмянский	163104	306068681	ст	Ошмяны	Ошмяны		Ашмяны	54.530834	26.082777	
Гродно	Ошмянский	163015	306068696	оп	Скрестины	Скирстины	Скрестины	Скірсціны	54.55361	26.004168	
Гродно	Свислочский	135636	306067749	оп	Монтовты	Монтовты		Монтаўты	53.0925	24.26389	
Гродно	Свислочский	135640	2313751586	оп	Нестеровичи	Нестеровичи		Несцеравічы	53.0675	24.23	
Гродно	Свислочский	136225	306067753	оп	Рудавка	Рудавка		Рудаўка	53.10611	24.133612	
Гродно	Свислочский	135621	306067745	оп	Саки	Саки		Сакі	53.0575	24.205555	
Гродно	Свислочский	135602	306067750	ст	Свислочь	Свислочь		Свіслач	53.01611	24.07639	
Гродно	Свислочский	135617	306067752	оп	Свислочь	Свислочь-Посёлок		Свіслач-Пасёлак	53.029167	24.11111	
Гродно	Слонимский	136910	306067576	оп	Гриньки	Гринки	Гриньки	Грынкі	53.076946	25.151388	
Гродно	Слонимский	137035	306067412	оп	Исса	Исса		Іса	53.0775	25.4825	
Гродно	Слонимский	136930	2789832819	оп	Костени	Костени		Касцяні	53.06778	25.193333	
Гродно	Слонимский	136906	306067553	ст	Озерница	Озерница		Азярніца	53.08389	25.03389	
Гродно	Слонимский	137006	443932648	ст	Слоним	Слоним		Слонім	53.095833	25.345833	
Гродно	Слонимский	137010	306067588	оп	Фабричный	Фабричный		Фабрычны	53.077778	25.394444	
Гродно	Сморгонский	163316	271038592	оп	Белосельский	Белосельский		Беласельскі	54.4575	26.458334	
Гродно	Сморгонский	163212	271038193	оп	Гаути	Гаути		Гавуці	54.496113	26.269444	
Гродно	Сморгонский	163405	306068550	ст	Залесье	Залесье		Залессе	54.422222	26.543056	
Гродно	Сморгонский	163320	306068556	оп	Молодёжный	Молодёжный (Сморгонск.)	Молодёжный	Маладзёжны	54.47222	26.408333	
Гродно	Сморгонский	163301	1390823768	ст	Сморгонь	Сморгонь		Смаргонь	54.475	26.373611	
Гродно	Сморгонский	163208	306068567	ст	Солы	Солы		Солы	54.50861	26.1925	
Гродно	Щучинский	137256	706177382	оп	Бобры	Бобра		Бобра	53.531944	24.745556	
Гродно	Щучинский	137415	306067798	оп	Желудок	Желудок		Жалудок	53.625	24.895834	
Гродно	Щучинский	137420	275446915	оп	Логвины	Логвины		Логвіны	53.594723	24.856388	
Гродно	Щучинский	137400	706146845	ст	Рожанка	Рожанка		Ражанка	53.558056	24.79139	
Гродно	Щучинский	137504	2467061054	ст	Скрибовцы	Скрибовцы		Скрыбаўцы	53.691944	24.99	
Гродно	Щучинский	137241	2452342000	оп	Турья	Турья		Тур'я	53.508335	24.725	
Гродно	Щучинский	137561	1287714146	оп	Халечино	Халечино		Халечына	53.668056	24.958334	
Гродно		135301	320670207	ст	Аульс	Аульс		Аульс	53.675	23.95861	
Гродно		135208	495217687	ст	Гродно	Гродно		Гродна	53.6875	23.850277	
Гродно		137913	2767236829	оп	Ёткишки	Ёткишки		Ёткішкі	0	0	
Гродно		134703	320409917	ст	Лососно	Лососно		Ласосна	53.65139	23.802778	
Гродно		135354	2778875777	оп	Полесский Парк	Полесский Парк		Палескі Парк	53.69389	23.866667	
Гродно		135299	468462440	оп	Пригородный	Пригородный		Прыгарадны	53.66139	23.8225	
Минск	Борисовский	141410	306067895	оп	Березина	Березина (Борисов)	Березина	Бярэзіна	54.240833	28.555	
Минск	Борисовский	141406	306067893	ст	Борисов	Борисов		Барысаў	54.219444	28.533056	
Минск	Борисовский	141514	306067959	оп	Замужанье	Замужанье		Замужанне	54.251667	28.788889	
Минск	Борисовский	141529	2316495222	оп	Неманица	Неманица		Неманіца	54.252224	28.6	
Минск	Борисовский	141500	306067969	ст	Новосады	Новосады		Навасады	54.25	28.703056	
Минск	Борисовский	141321	1270159513	оп	Печинский	Печинский		Пячынскі	54.18611	28.471666	
Минск	Борисовский	141603	306067951	ст	Приямино	Приямино		Прыяміна	54.27611	28.839167	
Минск	Борисовский	141317	1270159515	оп	Пролетарская Победа	Пролетарская Победа		Пралетарская Пабеда	54.1375	28.401388	
Минск	Вилейский	163602	1390613645	ст	Вилейка	Вилейка		Вілейка	54.502777	26.931944	
Минск	Вилейский	162926	306065647	оп	Домановский	Домановский		Даманаўскі	54.421112	26.880833	
Минск	Вилейский	162949	1390613647	оп	Зенит	Зенит		Зеніт	54.499443	27.88889	
Минск	Вилейский	162934	306065648	оп	Красный Бережок	Красный Бережок		Красны Беражок	54.462776	26.890278	
Минск	Вилейский	163617	306065629	пп	Куренец	Куренец		Куранец	54.558887	26.991388	
Минск	Вилейский	163621	306065611	оп	Страж	Страж		Страж	54.615555	27.083334	
Минск	Воложинский	162506	306066293	ст	Богданов	Богданов		Багданаў	54.169724	26.15639	
Минск	Воложинский	162436	2773691521	оп	Войгяны	Войгяны		Вайганы	54.16083	26.095833	
Минск	Воложинский	162607	306066215	ст	Воложин	Воложин		Валожын	54.216667	26.45	
Минск	Воложинский	162525	2773691526	оп	Ластоянцы	Ластоянцы		Ластаянцы	54.203888	26.3	
Минск	Воложинский	162530	306066302	оп	Листопады	Листопады		Лістапады	54.218056	26.370277	
Минск	Воложинский	162510	306066299	оп	Мельковщизна	Мильковщина	Мельковщизна	Мількаўшчына	54.181667	26.26111	
Минск	Дзержинский	144438	0	оп	Асино	Асино		Асіна	53.554165	26.98889	
Минск	Дзержинский	144527	986876026	оп	Бережа	Бережа		Бярэжа	53.71639	27.2725	
Минск	Дзержинский	144442	306062854	оп	Дзержинск	Дзержинск		Дзяржынск	53.67278	27.135834	
Минск	Дзержинский	144423	306062888	оп	Клыповщина	Клыповщина		Клыпаўшчына	53.643055	27.099722	
Минск	Дзержинский	144508	306062852	ст	Койданово	Койданово		Койданава	53.6825	27.161112	
Минск	Дзержинский	138812	306062919	оп	Мезиновка	Мезиновка		Мезінаўка	53.543335	26.965279	
Минск	Дзержинский	144404	2143943958	ст	Негорелое	Негорелое		Негарэлае	53.607224	27.075	
Минск	Дзержинский	144531	2375967092	оп	Пятигорье	Пятигорье		Пяцігор'е	53.712776	27.261389	
Минск	Дзержинский	144512	306062866	оп	Станьково	Станьково		Станькава	53.6825	27.213888	
Минск	Дзержинский	144601	271040381	ст	Фаниполь	Фаниполь		Фаніпаль	53.74472	27.34	
Минск	Дзержинский	144419	2143701077	оп	Энергетик	Энергетик		Энергетык	53.591946	27.054167	
Минск	Клецкий	139016	306063471	оп	Зубки	Зубки		Зубкі	53.064167	26.731945	
Минск	Клецкий	139001	306065832	ст	Клецк	Клецк		Клецк	53.07722	26.661388	
Минск	Клецкий	138969	306065854	оп	Щепичи	Щепичи		Шчэпічы	53.084446	26.567223	
Минск	Копыльский	139143	2300059312	оп	Ванилевичи	Ванелевичи	Ванилевичи	Ванелевічы	53.083332	27.147223	
Минск	Копыльский	139020	306063407	оп	Дегтяны	Дегтяны		Дзягцяны	53.066387	26.82639	
Минск	Копыльский	139117	306062862	оп	Морочь	Морочь		Морач	53.077778	27.191668	
Минск	Копыльский	139105	2828589173	ст	Тимковичи	Тимковичи		Цімкавічы	53.086666	27.035833	
Минск	Копыльский	139158	2828589174	оп	Труд	Труд		Труд	53.072224	26.95	
Минск	Крупский	141618	2337486312	оп	Бережок	Бережок		Беражок	54.296944	28.93389	
Минск	Крупский	141800	0	ст	Бобр	Бобр		Бобр	54.319443	29.26361	
Минск	Крупский	141815	306065691	оп	Красновка	Красновка		Краснаўка	54.305557	29.36389	
Минск	Крупский	141707	306066326	ст	Крупки	Крупки		Крупкі	54.298332	29.0725	
Минск	Крупский	141711	221270591	оп	Новая Жизнь	Новая Жизнь		Новае Жыццё	54.30611	29.134167	
Минск	Любанский	148509	0	ст	Калий IV		Калий-4		52.806946	27.766945	
Минск	Любанский	149003	306063624	ст	Уречье	Уречье		Урэчча	52.951946	27.908611	
Минск	Минский	143524	1356349554	оп	Анусино	Анусино		Анусіна	54.04861	27.225277	
Минск	Минский	144832	271042095	пп	Асеевка	Асеевка		Асееўка	53.769165	27.654167	
Минск	Минский	144828	0	оп	Асеевка				53.768612	27.655556	
Минск	Минский	143609	271039689	ст	Беларусь	Беларусь		Беларусь	54.008335	27.286112	
Минск	Минский	144616	277637150	оп	Волчковичи	Волчковичи		Воўчкавічы	53.778057	27.393612	
Минск	Минский	145106	0	ст	Гатово				53.778057	27.668612	
Минск	Минский	140901	288126829	ст	Городище	Городище		Гарадзішча	53.98611	27.849445	
Минск	Минский	143702	2316495221	ст	Дегтярёвка				53.8925	27.351944	
Минск	Минский	143651	288102455	ст	Ждановичи	Ждановичи		Ждановічы	53.947224	27.426666	
Минск	Минский	143613	1379659795	оп	Зелёное	Зелёное		Зялёнае	53.979168	27.295279	
Минск	Минский	140808	288126826	ст	Колодищи	Колодищи		Калодзішчы	53.945557	27.776112	
Минск	Минский	143628	288111081	пп	Крыжовка	Крыжовка		Крыжоўка	53.95111	27.3175	
Минск	Минский	144813	1118862669	оп	Мачулищи	Мачулищи		Мачулішчы	53.785557	27.605556	
Минск	Минский	143647	1858251302	оп	Минское Море	Минское Море		Мінскае Мора	53.947777	27.380833	
Минск	Минский	145002	442976095	ст	Михановичи	Михановичи		Міханавічы	53.746113	27.688889	
Минск	Минский	144635	271092132	ст	Помыслище	Помыслище		Памыслішча	53.814445	27.455555	
Минск	Минский	144669	277483772	оп	Птичь	Птичь (Минск.)	Птичь	Пціч	53.797222	27.400555	
Минск	Минский	143505	469858489	ст	Радошковичи	Радошковичи		Радашковічы	54.06972	27.213888	
Минск	Минский	143632	271091545	ст	Ратомка	Ратомка		Ратамка	53.940277	27.349722	
Минск	Минский	144644	271092098	оп	Роща	Роща		Гай	53.836945	27.480833	
Минск	Минский	140812	271040591	оп	Садовый	Садовый		Садовы	53.965	27.816668	
Минск	Минский	143515	288107658	оп	Хмелевка	Хмелевка		Хмелеўка	54.032776	27.252777	
Минск	Молодечненский	163528	306066250	оп	Асановский	Асановский		Асанаўскі	54.331944	26.733334	
Минск	Молодечненский	162633	2774608148	оп	Березинское	Березинское		Беразінскае	54.2175	26.616667	
Минск	Молодечненский	142324	306065596	оп	Бояры	Бояры		Баяры	54.191387	27.0875	
Минск	Молодечненский	143416	469843714	оп	Вязынка	Вязынка		Вязынка	54.093056	27.191668	
Минск	Молодечненский	143401	1365140475	ст	Дубравы	Дубравы		Дубравы	54.107224	27.141945	
Минск	Молодечненский	163417	489362763	оп	Засковичи	Засковичи		Заскавічы	54.391388	26.598612	
Минск	Молодечненский	162807	306066060	ст	Каледино	Коледино	Каледино	Каледзіно	54.299168	26.812222	
Минск	Молодечненский	142362	2728286045	оп	Криница	Криница		Крыніца	54.28361	26.954166	
Минск	Молодечненский	162351	2774608149	оп	Литва	Литва		Літва	54.22333	26.657778	
Минск	Молодечненский	142310	1390805834	оп	Лоси	Лоси		Ласі	54.21528	27.0975	
Минск	Молодечненский	162900	306066069	ст	Молодечно	Молодечно		Маладзечна	54.316387	26.841667	
Минск	Молодечненский	163513	1390823765	оп	Мороськи	Мороськи		Мароські	54.343613	26.708334	
Минск	Молодечненский	142339	306065606	оп	Мясота	Мясота		Мясата	54.271946	27.027222	
Минск	Молодечненский	163532	1390823766	оп	Насилово	Носилово		Насілава	54.320557	26.774445	
Минск	Молодечненский	142409	1246572357	ст	Олехновичи	Олехновичи		Аляхновічы	54.148888	27.100555	
Минск	Молодечненский	162703	2774608150	ст	Полочаны	Полочаны		Палачаны	54.22778	26.709723	
Минск	Молодечненский	143420	527734376	оп	Пралески	Пралески		Пралескі	54.101387	27.160833	
Минск	Молодечненский	163509	306066255	ст	Пруды	Пруды		Пруды	54.36639	26.66361	
Минск	Молодечненский	142413	1390805836	оп	Романы	Романы		Раманы	54.125	27.113056	
Минск	Молодечненский	142358	306065700	оп	Селивоновка	Селивоновка		Селівонаўка	54.291943	26.919445	
Минск	Молодечненский	162718	2774608152	оп	Сечки	Сечки		Сечкі	54.2625	26.771389	
Минск	Молодечненский	142343	306065619	оп	Татарщизна	Татарщина	Татарщизна	Татаршчына	54.28	26.976389	
Минск	Молодечненский	162915	306065639	оп	Тышкевичи	Тышкевичи		Тышкевічы	54.355556	26.86111	
Минск	Молодечненский	142305	2728286047	ст	Уша	Уша		Уша	54.2525	27.06889	
Минск	Молодечненский	142377	306065717	оп	Фестивальный	Фестивальный		Фестывальны	54.30389	26.87861	
Минск	Молодечненский	162614	306066218	оп	Шипуличи	Шипуличи		Шыпулічы	54.218056	26.5225	
Минск	Мядельский	163802	306063168	ст	Будслав	Будслав		Будслаў	54.79111	27.408611	
Минск	Мядельский	163829	271040361	оп	Илово	Илово		Ілава	54.819443	27.461111	
Минск	Мядельский	163706	306065959	ст	Княгинин	Княгинин		Княгінін	54.675	27.184723	
Минск	Мядельский	163710	306065932	оп	Кривичи	Кривичи		Крывічы	54.072224	27.2975	
Минск	Мядельский	163636	306065613	оп	Нивки	Нивки		Ніўкі	54.641666	27.133055	
Минск	Несвижский	138600	306065881	ст	Городея	Городея		Гарадзея	53.314724	26.539722	
Минск	Несвижский	138579	306065911	оп	Липа	Липа		Ліпа	53.261112	26.445	
Минск	Несвижский	138550	306065943	ст	Погорельцы	Погорельцы		Пагарэльцы	53.205	26.297222	
Минск	Несвижский	138564	2737375272	оп	Хвоево	Хвоево		Хвоева	53.235	26.384167	
Минск	Пуховичский	145426	306063733	оп	Блужа	Блужа		Блужа	53.43778	28.229166	
Минск	Пуховичский	145411	306063822	оп	Веленский	Веленский		Вяленскі	53.463055	28.184723	
Минск	Пуховичский	145337	306063698	оп	Вендеж	Вендеж		Вяндзеж	53.547222	28.068056	
Минск	Пуховичский	145445	1102936837	оп	Веселовский	Веселовский		Весялоўскі	53.38972	28.311388	
Минск	Пуховичский	145322	306063630	оп	Дричин	Дричин		Дрычын	53.56111	28.01111	
Минск	Пуховичский	145040	1165761955	оп	Зазерка	Зазерка		Зазерка	53.656944	27.766945	
Минск	Пуховичский	145430	306063730	оп	Майский	Майский		Майскі	53.416668	28.258612	
Минск	Пуховичский	145318	271040767	оп	Новое Село	Новое Село		Новае Сяло	53.572224	27.940834	
Минск	Пуховичский	145407	661194084	ст	Пуховичи	Пуховичи		Пухавічы	53.509445	28.145834	
Минск	Пуховичский	145036	306062995	оп	Равнополье	Равнополье		Раўнаполле	53.625	27.821945	
Минск	Пуховичский	145303	306063608	ст	Руденск	Руденск		Рудзенск	53.59667	27.860834	
Минск	Пуховичский	145021	1205158345	оп	Рыбцы	Рыбцы		Рыбцы	53.641666	27.791111	
Минск	Пуховичский	145017	0	оп	Седча	Седча		Седча	53.669724	27.752777	
Минск	Пуховичский	145454	271042480	ст	Талька	Талька		Талька	53.37472	28.341667	
Минск	Пуховичский	145341	1131337044	оп	Техникум	Техникум		Тэхнікум	53.530834	28.125278	
Минск	Слуцкий	148655	2828589172	оп	Безверховичи	Безверховичи		Бязверхавічы	53.029167	27.436945	
Минск	Слуцкий	139162	2300059313	оп	Восток	Восток		Усход	53.045555	27.325556	
Минск	Слуцкий	148316	306063882	оп	Глядки	Глядки		Глядкі	52.9125	27.55	
Минск	Слуцкий	148636	306064082	оп	Загродье	Заградье	Загродье	Заграддзе	52.980278	27.758333	
Минск	Слуцкий	148301	592058792	ст	Калий III	Калий-3		Калій 3	52.866943	27.580278	
Минск	Слуцкий	148665	2300059314	оп	Козловичи	Козловичи		Казловічы	52.993057	27.623611	
Минск	Слуцкий	148621	306064110	ст	Некраши	Некраши		Некрашы	52.982777	27.697222	
Минск	Слуцкий	148320	306063968	оп	Новогорки	Новогорки		Навагоркі	52.95778	27.525	
Минск	Слуцкий	148617	306063864	ст	Новодворцы	Новодворцы		Навадворцы	52.996944	27.588612	
Минск	Слуцкий	148640	306064124	оп	Повстынь	Повстынь		Паўстынь	52.968613	27.802778	
Минск	Слуцкий	139139	306063143	оп	Середняки	Середняки		Сераднякі	53.037224	27.355278	
Минск	Слуцкий	148602	2098733504	ст	Слуцк	Слуцк		Слуцк	53.01389	27.525	
Минск	Слуцкий	139124	306062830	оп	Шаловичи	Шаловичи		Шалавічы	53.056946	27.286112	
Минск	Смолевичский	141336	306065398	оп	Барсуки	Барсуки (Жодинск.)	Барсуки	Барсукі	54.066387	28.281944	
Минск	Смолевичский	140935	222708451	оп	Домашаны	Домашаны		Дамашаны	53.993057	27.952778	
Минск	Смолевичский	140920	1270159514	оп	Загорье	Загорье		Загор'е	54.009724	28.014166	
Минск	Смолевичский	141228	2131997619	оп	Заречное	Заречное		Зарэчнае	54.02139	28.125	
Минск	Смолевичский	141209	306065359	ст	Красное Знамя	Красное Знамя		Чырвоны Сцяг	54.038334	28.204166	
Минск	Смолевичский	140916	470320849	оп	Слобода	Слобода		Слабада	53.994446	27.905834	
Минск	Смолевичский	141001	2131940016	ст	Смолевичи	Смолевичи		Смалявічы	54.019444	28.059723	
Минск	Солигорский	148208	592058785	ст	Калий I	Калий-1		Калій 1	52.82639	27.5875	
Минск	Солигорский	148227	492268069	ст	Солигорск	Солигорск		Салігорск	52.794445	27.546944	
Минск	Солигорский	148212	271040245	оп	Строитель	Строитель		Будаўнік	52.809723	27.574444	
Минск	Солигорский	148231	592058789	оп	Шахтёрский	Шахтёрский		Шахцёрскі	52.855556	27.588612	
Минск	Стародорожский	149111	306063741	оп	Александровка	Александровка		Аляксандраўка	53.080276	28.294167	
Минск	Стародорожский	149022	306063811	ст	Верхутино	Верхутино		Вярхуціна	52.966946	28.050278	
Минск	Стародорожский	149018	306063641	оп	Оточка	Оточка		Аточка	52.958332	27.969723	
Минск	Стародорожский	149037	306063844	оп	Пасека	Пасека		Пасека	53.014446	28.169445	
Минск	Стародорожский	149107	306063738	ст	Старые Дороги	Старые Дороги		Старыя Дарогі	53.04028	28.270555	
Минск	Стародорожский	149130	306063756	оп	Ульяновка	Ульяновка		Ульянаўка	53.146946	28.430555	
Минск	Стародорожский	149126	306063744	ст	Фаличи	Фаличи		Фалічы	53.121387	28.328333	
Минск	Столбцовский	138634	306065875	оп	Воротище	Воротище		Варацішча	53.35361	26.572222	
Минск	Столбцовский	138738	2111908925	ст	Колосово	Колосово		Коласава	53.528057	26.92639	
Минск	Столбцовский	138719	2709478947	оп	Кучкуны	Кучкуны		Кучкуны	53.50639	26.836111	
Минск	Столбцовский	138615	1291509824	оп	Осиповщина	Осиповщина		Асіпаўшчына	53.38889	26.605556	
Минск	Столбцовский	138723	221136633	оп	Отцеда	Отцеда		Атцэда	53.514168	26.872223	
Минск	Столбцовский	138626	306065758	оп	Синяво	Синява	Синяво	Сінява	53.435555	26.683332	
Минск	Столбцовский	138704	278618048	ст	Столбцы	Столбцы		Стоўбцы	53.4825	26.758333	
Минск	Столбцовский	138742	2706178655	оп	Тёмные Ляды	Темные Ляды	Тёмные Ляды	Цёмныя Ляды	53.50139	26.791666	
Минск		140526	1630026190	оп	Железнодорожный	Железнодорожный		Чыгуначны	53.817223	27.575	
Минск		141302	306065454	ст	Жодино	Жодино		Жодзіна	54.101944	28.342222	
Минск		141213	306065485	оп	Жодино-Южное	Жодино-Южное		Жодзіна Паўднёвае	54.086666	28.317223	
Минск		140013	288119832	оп	Институт Культуры	Минск (Институт Культуры)		Мінск (Інстытут Культуры)	53.883335	27.536112	
Минск		144809	561011991	ст	Колядичи	Колядичи		Калядзічы	53.808334	27.580555	
Минск		144654	288121405	оп	Курасовщина	Курасовщина		Курасоўшчына	53.844723	27.491667	
Минск		143685	271092167	оп	Лебяжий	Лебяжий		Лебядзіны	53.93611	27.445278	
Минск		140511	574875090	оп	Лошица	Лошица		Лошыца	53.850277	27.558332	
Минск		143666	941532903	оп	Масюковщина	Масюковщина		Масюкоўшчына	53.93	27.477777	
Минск		140304	818652707	ст	Минск-Восточный	Минск-Восточный		Мінск Усходні	53.891666	27.59	
Минск		140210	27184541	ст	Минск-Пассажирский	Минск-Пасс.	Минск-Пассажирский	Мінск Пасажырскі	53.890278	27.552778	
Минск		140102	1501889366	ст	Минск-Северный	Минск-Северный		Мінск Паўночны	53.90278	27.530556	
Минск		140009	288120707	ст	Минск-Сортировочный				53.879166	27.532778	
Минск		140507	195763479	ст	Минск-Южный	Минск-Южный		Мінск Паўднёвы	53.86611	27.563612	
Минск		140704	282163128	ст	Озерище	Озерище		Азярышча	53.932777	27.71889	
Минск		143670	0	оп	Радиаторный				53.91639	27.520277	
Минск		140403	282162417	ст	Степянка	Степянка		Сцяпянка	53.914722	27.66639	
Минск		140032	1813064195	оп	Столичный	Столичный		Сталічны	53.872776	27.5225	
Минск		140418	0	оп	Товарный Двор	Товарный Двор		Таварны Двор	53.90278	27.6375	
Минск		140314	282159779	оп	Тракторный	Тракторный		Трактарны	53.898613	27.624722	
Минск		145201	0	ст	Шабаны				53.836113	27.691668	
Минск		141114	0	ст	Шеметово				53.883335	28.05861	
Могилёв	Белыничский	157300	3309974963	ст	Друть	Друть		Друць	53.704166	29.779167	
Могилёв	Бобруйский	147741	1271043982	оп	331км	331 км		331 км	53.069443	29.405834	
Могилёв	Бобруйский	147718	306065300	оп	Бабино	Бабино		Бабіна	53.118057	29.320833	
Могилёв	Бобруйский	146823	306066577	оп	Бибковщина	Бибковщина		Бібкаўшчына	53.183056	29.038889	
Могилёв	Бобруйский	147506	271044317	ст	Брожа	Брожа		Брожа	52.95139	29.115833	
Могилёв	Бобруйский	147510	271044313	оп	Глебова Рудня	Глебова Рудня		Глебава Рудня	52.988888	29.155556	
Могилёв	Бобруйский	147830	306065277	оп	Данилов Мост	Данилов Мост		Данілаў Мост	52.978333	29.730556	
Могилёв	Бобруйский	146838	1383660069	оп	Кветка	Кветка		Кветка	53.191666	28.9975	
Могилёв	Бобруйский	147602	306066613	ст	Красный Брод	Красный Брод		Красны Брод	53.033054	29.169445	
Могилёв	Бобруйский	147737	306065318	оп	Малинники	Малинники		Маліннікі	53.058056	29.4475	
Могилёв	Бобруйский	147811	306065320	оп	Микуличи	Микуличи		Мікулічы	53.02778	29.57361	
Могилёв	Бобруйский	146927	306066576	ст	Мирадино	Мирадино		Мірадзіна	53.176666	29.069445	
Могилёв	Бобруйский	147826	306065274	оп	Омельня	Омельня		Амяльня	53.00889	29.661112	
Могилёв	Бобруйский	147440	2315409058	оп	Орсичи	Орсичи		Орсічы	52.93	29.091944	
Могилёв	Бобруйский	147722	306065305	ст	Савичи	Савичи (Бобруйск.)	Савичи	Савічы	53.0875	29.370832	
Могилёв	Бобруйский	147807	306065315	ст	Телуша	Телуша		Цялуша	53.0425	29.516666	
Могилёв	Бобруйский	146819	306066663	оп	Токари	Токари		Такары	53.194443	28.983889	
Могилёв	Бобруйский	147614	306066516	оп	Туголица	Туголица		Туголіца	53.07611	29.1725	
Могилёв	Быховский	156127	2797538423	оп	Баркалабово	Барколабово	Баркалабово	Баркалабава	53.594723	30.240833	
Могилёв	Быховский	156134	306068694	ст	Барсуки	Барсуки (Могилевск.)	Барсуки	Барсукі	53.662224	30.2625	
Могилёв	Быховский	156100	306068688	ст	Быхов	Быхов		Быхаў	53.515556	30.231945	
Могилёв	Быховский	156026	3307600761	оп	Залесская Слобода	Залесская Слобода		Залеская Слабада	53.4475	30.181667	
Могилёв	Быховский	156011	306068683	ст	Лудчицы	Лудчицы		Лудчыцы	53.404724	30.164444	
Могилёв	Быховский	156223	0	оп	Металлург	Металлург (Могилевск.)	Металлург	Металург	53.67889	30.258333	
Могилёв	Быховский	156115	2246591189	оп	Мокрое	Мокрое		Мокрае	53.5475	30.225277	
Могилёв	Быховский	156238	3307600766	оп	Соболевка	Соболёвка		Сабалёўка	53.61722	30.256666	
Могилёв	Быховский	156030	306068656	ст	Тощица	Тощица		Тошчыца	53.305	30.130833	
Могилёв	Горецкий	158619	271091162	оп	Ермоловка	Ермоловка		Ермалоўка	54.370277	30.684723	
Могилёв	Горецкий	158534	306068433	оп	Зубры	Зубры		Зубры	54.345833	30.744167	
Могилёв	Горецкий	158528	3312243061	оп	Паршино	Паршино		Паршына	54.22861	31.049723	
Могилёв	Горецкий	158500	306068451	ст	Погодино	Погодино		Пагодзіна	54.265	30.989166	
Могилёв	Горецкий	158515	306068447	оп	Ректа	Ректа		Рэкта	54.297222	30.8725	
Могилёв	Дрибинский	158411	306068439	оп	Никольск	Микольск	Никольск	Мікольск	54.165833	31.158333	
Могилёв	Дрибинский	158430	271092947	оп	Пичевка	Пичевка		Пічаўка	54.130554	31.19861	
Могилёв	Дрибинский	158407	306068455	ст	Тёмный Лес	Темный лес	Тёмный Лес	Цёмны Лес	54.09889	31.241945	
Могилёв	Климовичский	158816	271091678	оп	Звезда	Звезда		Звязда	53.71417	32.008335	
Могилёв	Климовичский	159202	882188218	ст	Климовичи	Климовичи		Клімавічы	53.608334	31.924723	
Могилёв	Климовичский	159128	306068384	оп	Осмоловичи	Осмоловичи		Асмолавічы	53.52222	32.011112	
Могилёв	Климовичский	158905	0	ст	Шестеровка	Шестёровка		Шасцёраўка	53.72222	32.659443	
Могилёв	Кличевский	157207	306065276	ст	Воничи	Воничи		Вонічы	53.6	29.502777	
Могилёв	Кличевский	157245	3309974964	оп	Заличинка	Заличинка		Залічынка	53.65278	29.63611	
Могилёв	Кличевский	157226	2918082124	оп	Милое	Милое		Мілое	53.664444	29.663889	
Могилёв	Кличевский	157103	306065309	ст	Несета	Несята	Несета	Нясята	53.509167	29.243889	
Могилёв	Кличевский	157029	0	оп	Ольховка	Ольховка		Альхоўка	53.483334	29.170279	
Могилёв	Кличевский	157211	306065265	оп	Развадово	Развадово		Развадава	53.61639	29.55	
Могилёв	Кличевский	157118	306065311	оп	Стоялово	Стоялово		Стаялава	53.54778	29.352777	
Могилёв	Кличевский	157122	306065312	оп	Суша	Суша		Суша	53.571667	29.420279	
Могилёв	Кличевский	157014	306066555	оп	Тачанка	Тачанка		Тачанка	53.46389	29.114166	
Могилёв	Костюковичский	159005	306068419	ст	Белынковичи	Белынковичи		Бялынкавічы	53.232777	32.164165	
Могилёв	Костюковичский	159043	0	оп	Боня	Бони		Боні	53.198612	32.215	
Могилёв	Костюковичский	159113	271091702	ст	Волосковня	Волосковня		Валаскоўня	53.45028	32.041943	
Могилёв	Костюковичский	159019	2624644813	оп	Журбин	Журбин		Журбін	53.162777	32.268612	
Могилёв	Костюковичский	159109	306068422	ст	Коммунары	Коммунары		Камунары	53.376945	32.56111	
Могилёв	Костюковичский	159039	306068423	оп	Новолиповский	Новолиповский		Наваліпаўскі	53.282776	32.119167	
Могилёв	Костюковичский	159404	0	ст	Предзаводская				53.45028	31.971666	
Могилёв	Кричевский	158233	306068373	оп	Бель	Бель		Бель	53.802776	31.661112	
Могилёв	Кричевский	158132	271092830	оп	Дарливое	Дарливое		Дарлівае	53.761665	31.647223	
Могилёв	Кричевский	158144	0	оп	Депо	Депо		Дэпо	53.751945	31.704166	
Могилёв	Кричевский	158209	306068370	ст	Кричев I	Кричев-1		Крычаў-1	53.738888	31.712778	
Могилёв	Кричевский	158820	306068417	ст	Кричев II	Кричев-2		Крычаў 2	53.725834	31.850834	
Могилёв	Кричевский	158248	306068363	оп	Малятичи	Малятичи		Маляцічы	53.84722	31.595833	
Могилёв	Кричевский	158229	306068414	оп	Михеевичи	Михеевичи		Міхеевічы	53.6725	31.83639	
Могилёв	Кричевский	158110	306068471	ст	Осовец	Осовец		Асавец	53.755554	31.444166	
Могилёв	Кричевский	158267	271092791	оп	Чёрная Натопа	Чёрная Натопа		Чорная Натопа	53.866665	31.565834	
Могилёв	Кричевский	158125	306068475	оп	Юрковка	Юрковка		Юркаўка	53.75778	31.540833	
Могилёв	Могилёвский	157724	0	оп	Антоновка	Антоновка		Антонаўка	53.841667	30.608334	
Могилёв	Могилёвский	156401	306068488	ст	Буйничи	Буйничи		Буйнічы	53.86778	30.248888	
Могилёв	Могилёвский	157423	3309974961	ст	Вендриж	Вендриж		Вендрыж	53.803055	30.038889	
Могилёв	Могилёвский	156539	306068505	оп	Волоки	Волоки		Валокі	54.043335	30.286112	
Могилёв	Могилёвский	157508	306068482	ст	Голынец	Голынец		Галынец	53.84861	30.164444	
Могилёв	Могилёвский	157718	1151103245	оп	Дары	Дары		Дары	53.84778	30.536112	
Могилёв	Могилёвский	156242	306068493	ст	Дашковка	Дашковка		Дашкаўка	53.747223	30.241945	
Могилёв	Могилёвский	157334	3309974965	оп	Новая Нива	Новая Нива		Новая Ніва	53.761112	29.942223	
Могилёв	Могилёвский	156524	3312011582	оп	Полыковские Хутора	Полыковичские Хутора		Палыкавіцкія Хутары	53.99111	30.316668	
Могилёв	Могилёвский	157419	306068621	оп	Понизов	Понизов		Панізоў	53.822224	30.094444	
Могилёв	Могилёвский	157322	306065283	оп	Семуковичи	Семуковичи		Семуковічы	53.739166	29.897223	
Могилёв	Могилёвский	157315	306065281	оп	Синюга	Синюга		Сінюга	53.717224	29.847221	
Могилёв	Могилёвский	156219	3307600767	оп	Текстильщик	Текстильщик		Тэкстыльшчык	53.708332	30.25361	
Могилёв	Могилёвский	157512	3309974967	оп	Тишовка	Тишовка		Цішоўка	53.884724	30.223888	
Могилёв	Могилёвский	157349	306068585	оп	Хоново	Хоново		Хонава	53.788055	29.980833	
Могилёв	Могилёвский	156308	306068478	ст	Чернозёмовка	Чернозёмовка		Чарназёмаўка	53.795834	30.214167	
Могилёв	Могилёвский	157758	2315409032	оп	Щежер	Щежерь		Шчэжар	53.844444	30.57	
Могилёв	Мстиславский	158252	306068365	оп	Воловники	Воловники		Валоўнікі	53.883335	31.555555	
Могилёв	Мстиславский	158337	2315409057	оп	Кошь	Кошь		Кош	54.009445	31.375278	
Могилёв	Мстиславский	158322	306068456	оп	Красноручье	Красноручье		Краснаручча	54.03611	31.339722	
Могилёв	Мстиславский	158318	306068470	оп	Пячковичи	Пячковичи		Пячкавічы	53.979443	31.414167	
Могилёв	Мстиславский	158445	3312243062	оп	Ремество	Реместово		Рэместава	54.069443	31.288334	
Могилёв	Мстиславский	158303	306068366	ст	Ходосы	Ходосы		Ходасы	53.92889	31.482779	
Могилёв	Осиповичский	146429	306066633	оп	Брицаловичи	Брицаловичи		Брыцалавічы	53.353054	28.845	
Могилёв	Осиповичский	146452	306066782	оп	Бродище	Бродище		Брадзішча	53.269444	28.7725	
Могилёв	Осиповичский	146109	306066694	ст	Верейцы	Верейцы		Верайцы	53.33889	28.521389	
Могилёв	Осиповичский	146011	306067116	оп	Верхи	Верхи		Вярхі	53.364445	28.429167	
Могилёв	Осиповичский	146842	271043316	оп	Гай	Гай		Гай	53.238056	28.898611	
Могилёв	Осиповичский	146132	306066698	оп	Гомоновка	Гомоновка		Гоманаўка	53.484722	28.538889	
Могилёв	Осиповичский	146471	3309974962	оп	Горожа	Горожа		Гарожа	53.326946	28.770277	
Могилёв	Осиповичский	146306	306066643	ст	Гродзянка	Гродянка	Гродзянка	Градзянка	53.545834	28.746944	
Могилёв	Осиповичский	149215	306066705	оп	Гряда	Гряда		Града	53.207222	28.536112	
Могилёв	Осиповичский	149234	306066714	ст	Дараганово	Дороганово	Дараганово	Дараганава	53.176388	28.493055	
Могилёв	Осиповичский	146734	2712412964	оп	Дачная	Дачная (Осиповичск.)	Дачная	Дачная	53.252777	28.866112	
Могилёв	Осиповичский	149222	306066702	ст	Деревцы	Деревцы		Дзераўцы	53.255	28.563889	
Могилёв	Осиповичский	157003	1145507838	ст	Елизово	Елизово		Ялізава	53.400276	28.993889	
Могилёв	Осиповичский	146221	306067113	ст	Лапичи	Лапичи		Лапічы	53.42861	28.48889	
Могилёв	Осиповичский	146407	306066747	ст	Осиповичи I	Осиповичи-1		Асіповічы 1	53.299446	28.647223	
Могилёв	Осиповичский	146414	306066763	ст	Осиповичи II	Осиповичи-2		Асіповічы 2	53.301945	28.705555	
Могилёв	Осиповичский	146433	901656719	ст	Осиповичи III	Осиповичи-3		Асіповічы 3	53.2825	28.715	
Могилёв	Осиповичский	146128	306066730	оп	Осово	Осово		Восава	53.458332	28.498611	
Могилёв	Осиповичский	146217	2794148874	оп	Погорелое	Погорелое		Пагарэлае	53.5125	28.647223	
Могилёв	Осиповичский	146448	306066742	оп	Советский	Советский		Савецкі	53.316666	28.588333	
Могилёв	Осиповичский	146715	306066637	ст	Татарка	Татарка		Татарка	53.25722	28.823334	
Могилёв	Осиповичский	146236	306066743	оп	Уборок	Уборок		Уборак	53.49139	28.593056	
Могилёв	Осиповичский	146113	306066723	оп	Цель	Цель		Цэль	53.40333	28.491388	
Могилёв	Осиповичский	146467	2199317290	оп	Юбилейный	Юбилейный		Юбілейны	53.308887	28.61389	
Могилёв	Осиповичский	146857	306066669	оп	Ясень	Ясень		Ясень	53.218334	28.930555	
Могилёв	Чаусский	157921	306068438	оп	Благовичи	Благовичи		Благавічы	53.794445	30.841667	
Могилёв	Чаусский	158017	306068431	оп	Дрануха	Дрануха		Дрануха	53.761112	31.030277	
Могилёв	Чаусский	158021	306068449	оп	Переможник	Переможник		Пераможнік	53.75889	31.132778	
Могилёв	Чаусский	157936	306068577	ст	Реста			Рэста	53.824165	30.688889	
Могилёв	Чаусский	157743	3311927987	оп	Рудея	Рудея		Рудзея	53.833057	30.646667	
Могилёв	Чаусский	157917	306068570	оп	Самулки	Самулки		Самулкі	53.816387	30.73889	
Могилёв	Чаусский	158002	306068430	ст	Чаусы	Чаусы		Чавусы	53.780556	30.931667	
Могилёв	Чериковский	158106	306068461	ст	Веремейки	Веремейки		Верамейкі	53.7625	31.278055	
Могилёв	Шкловский	156929	1175679329	оп	Александрия	Александрия		Александрыя	54.343056	30.278889	
Могилёв	Шкловский	156825	1175679126	оп	Аполлоновка	Аполлоновка		Апалонаўка	54.17889	30.294167	
Могилёв	Шкловский	156908	3312011581	ст	Копысь	Копысь		Копысь	54.315834	30.271667	
Могилёв	Шкловский	156543	3257549367	ст	Лотва	Лотва		Латва	54.094166	30.27	
Могилёв	Шкловский	156702	306068731	ст	Рыжковичи	Рыжковичи		Рыжкавічы	54.158333	30.294445	
Могилёв	Шкловский	156558	306068711	оп	Савелинки	Савеленки	Савелинки	Савеленкі	54.127777	30.28	
Могилёв	Шкловский	156810		оп	Слободка	Слободка		Слабодка	54.261665	30.255278	
Могилёв	Шкловский	156806	306068723	ст	Шклов	Шклов		Шклоў	54.219444	30.279722	
Могилёв		147703	0	ст	Березина				53.130554	29.250555	
Могилёв		147008	242555894	ст	Бобруйск				53.1375	29.196388	
Могилёв		157739	306068533	оп	Боровка	Боровка		Бароўка	53.86639	30.449444	
Могилёв		147027	0	оп	Дедново	Дедново		Дзеднава	53.13389	29.172222	
Могилёв		157809	0	ст	Заднепровская				53.806946	30.336111	
Могилёв		146912	306066599	оп	Киселевичи	Киселевичи		Кісялевічы	53.154167	29.160555	
Могилёв		158426	0	оп	Кледневичи	Кледневичи		Кледнявічы	0	0	
Могилёв		157705	306068527	ст	Луполово	Луполово		Лупалава	53.877777	30.401945	
Могилёв		156505	0	ст	Могилёв I		Могилёв-1	Магілёў 1	53.926388	30.339445	
Могилёв		156609	0	ст	Могилёв II		Могилёв-2	Магілёў 2	53.911945	30.310833	
Могилёв		156613	306068522	ст	Могилёв III		Могилёв-3	Магілёў 3	53.919445	30.358334	
Могилёв			0	ст	Шинная				53.18861	29.203333	
